,ta,ts,speed,kp,kd-kvfb,kd-kvff,ki,simul_settling_time,trial_no,settling_time
0,30,20,100,20,500,500,0.004,0.1935,1,0.365
1,30,20,100,20,500,500,0.004,0.1935,2,0.262
2,30,20,100,20,500,500,0.004,0.1935,3,0.324
3,30,20,100,20,500,500,0.006,0.1894,1,0.301
4,30,20,100,20,500,500,0.006,0.1894,2,0.265
5,30,20,100,20,500,500,0.006,0.1894,3,0.214
6,30,20,100,20,500,500,0.008,0.0,1,1000
7,30,20,100,20,1000,1000,0.004,0.1951,1,0.258
8,30,20,100,20,1000,1000,0.004,0.1951,2,0.248
9,30,20,100,20,1000,1000,0.004,0.1951,3,0.26
10,30,20,100,20,1000,1000,0.006,0.1692,1,0.275
11,30,20,100,20,1000,1000,0.006,0.1692,2,0.224
12,30,20,100,20,1000,1000,0.006,0.1692,3,0.229
13,30,20,100,20,1000,1000,0.008,0.1738,1,0.224
14,30,20,100,20,1000,1000,0.008,0.1738,2,0.242
15,30,20,100,20,1000,1000,0.008,0.1738,3,0.219
16,30,20,100,20,1000,1000,0.01,0.1792,1,0.206
17,30,20,100,20,1000,1000,0.01,0.1792,2,0.21
18,30,20,100,20,1000,1000,0.01,0.1792,3,0.199
19,30,20,100,20,1000,1000,0.012,0.0,1,0.193
20,30,20,100,20,1000,1000,0.012,0.0,2,0.197
21,30,20,100,20,1000,1000,0.012,0.0,3,0.192
22,30,20,100,20,1000,1000,0.014,0.0,1,1000
23,30,20,100,20,1500,1500,0.004,0.1924,1,0.278
24,30,20,100,20,1500,1500,0.004,0.1924,2,0.333
25,30,20,100,20,1500,1500,0.004,0.1924,3,0.265
26,30,20,100,20,1500,1500,0.006,0.176,1,0.296
27,30,20,100,20,1500,1500,0.006,0.176,2,0.315
28,30,20,100,20,1500,1500,0.006,0.176,3,0.232
29,30,20,100,20,1500,1500,0.008,0.184,1,0.186
30,30,20,100,20,1500,1500,0.008,0.184,2,0.197
31,30,20,100,20,1500,1500,0.008,0.184,3,0.196
32,30,20,100,20,1500,1500,0.01,0.1843,1,0.225
33,30,20,100,20,1500,1500,0.01,0.1843,2,0.23
34,30,20,100,20,1500,1500,0.01,0.1843,3,0.227
35,30,20,100,20,1500,1500,0.012,0.0,1,0.202
36,30,20,100,20,1500,1500,0.012,0.0,2,0.206
37,30,20,100,20,1500,1500,0.012,0.0,3,0.228
38,30,20,100,20,2000,2000,0.004,0.1966,1,0.356
39,30,20,100,20,2000,2000,0.004,0.1966,2,0.39
40,30,20,100,20,2000,2000,0.004,0.1966,3,0.322
41,30,20,100,20,2000,2000,0.006,0.1853,1,0.24
42,30,20,100,20,2000,2000,0.006,0.1853,2,0.238
43,30,20,100,20,2000,2000,0.006,0.1853,3,0.23
44,30,20,100,20,2000,2000,0.008,0.1978,1,0.198
45,30,20,100,20,2000,2000,0.008,0.1978,2,0.202
46,30,20,100,20,2000,2000,0.008,0.1978,3,0.203
47,30,20,100,20,2000,2000,0.01,0.1947,1,0.245
48,30,20,100,20,2000,2000,0.01,0.1947,2,0.242
49,30,20,100,20,2000,2000,0.01,0.1947,3,0.243
50,30,20,100,20,2000,2000,0.012,0.1932,1,0.219
51,30,20,100,20,2000,2000,0.012,0.1932,2,0.223
52,30,20,100,20,2000,2000,0.012,0.1932,3,0.224
53,30,20,100,20,2000,2000,0.014,0.2031,1,0.208
54,30,20,100,20,2000,2000,0.014,0.2031,2,0.21
55,30,20,100,20,2000,2000,0.014,0.2031,3,0.201
56,30,20,100,20,2000,2000,0.016,0.2024,1,0.195
57,30,20,100,20,2000,2000,0.016,0.2024,2,0.202
58,30,20,100,20,2000,2000,0.016,0.2024,3,0.208
59,30,20,100,20,2000,2000,0.018,0.2023,1,0.199
60,30,20,100,20,2000,2000,0.018,0.2023,2,0.201
61,30,20,100,20,2000,2000,0.018,0.2023,3,0.202
62,30,20,100,20,2000,2000,0.02,0.2125,1,0.225
63,30,20,100,20,2000,2000,0.02,0.2125,2,0.22
64,30,20,100,20,2000,2000,0.02,0.2125,3,0.227
65,30,20,100,25,500,500,0.002,0.2305,1,0.333
66,30,20,100,25,500,500,0.002,0.2305,2,0.393
67,30,20,100,25,500,500,0.002,0.2305,3,0.291
68,30,20,100,25,500,500,0.003,0.2079,1,0.293
69,30,20,100,25,500,500,0.003,0.2079,2,0.278
70,30,20,100,25,500,500,0.003,0.2079,3,0.156
71,30,20,100,25,500,500,0.004,0.1889,1,0.256
72,30,20,100,25,500,500,0.004,0.1889,2,0.174
73,30,20,100,25,500,500,0.004,0.1889,3,0.243
74,30,20,100,25,500,500,0.005,0.1852,1,0.214
75,30,20,100,25,500,500,0.005,0.1852,2,0.199
76,30,20,100,25,500,500,0.005,0.1852,3,0.23
77,30,20,100,25,500,500,0.006,0.1846,1,0.242
78,30,20,100,25,500,500,0.006,0.1846,2,0.238
79,30,20,100,25,500,500,0.006,0.1846,3,0.237
80,30,20,100,25,500,500,0.007,0.0,1,1000
81,30,20,100,25,1000,1000,0.002,0.2317,1,0.327
82,30,20,100,25,1000,1000,0.002,0.2317,2,0.466
83,30,20,100,25,1000,1000,0.002,0.2317,3,0.329
84,30,20,100,25,1000,1000,0.003,0.2056,1,0.291
85,30,20,100,25,1000,1000,0.003,0.2056,2,0.255
86,30,20,100,25,1000,1000,0.003,0.2056,3,0.142
87,30,20,100,25,1000,1000,0.004,0.1905,1,0.246
88,30,20,100,25,1000,1000,0.004,0.1905,2,0.235
89,30,20,100,25,1000,1000,0.004,0.1905,3,0.229
90,30,20,100,25,1000,1000,0.005,0.1803,1,0.21
91,30,20,100,25,1000,1000,0.005,0.1803,2,0.21
92,30,20,100,25,1000,1000,0.005,0.1803,3,0.203
93,30,20,100,25,1000,1000,0.006,0.168,1,0.184
94,30,20,100,25,1000,1000,0.006,0.168,2,0.195
95,30,20,100,25,1000,1000,0.006,0.168,3,0.192
96,30,20,100,25,1000,1000,0.007,0.1644,1,0.168
97,30,20,100,25,1000,1000,0.007,0.1644,2,0.17
98,30,20,100,25,1000,1000,0.007,0.1644,3,0.175
99,30,20,100,25,1000,1000,0.008,0.1627,1,0.17
100,30,20,100,25,1000,1000,0.008,0.1627,2,0.171
101,30,20,100,25,1000,1000,0.008,0.1627,3,0.164
102,30,20,100,25,1000,1000,0.009,0.1617,1,0.175
103,30,20,100,25,1000,1000,0.009,0.1617,2,0.172
104,30,20,100,25,1000,1000,0.009,0.1617,3,0.17
105,30,20,100,25,1000,1000,0.01,1.1612,1,0.175
106,30,20,100,25,1000,1000,0.01,1.1612,2,0.183
107,30,20,100,25,1000,1000,0.01,1.1612,3,0.199
108,30,20,100,25,1500,1500,0.002,0.2333,1,0.317
109,30,20,100,25,1500,1500,0.002,0.2333,2,0.231
110,30,20,100,25,1500,1500,0.002,0.2333,3,0.319
111,30,20,100,25,1500,1500,0.003,0.2063,1,0.154
112,30,20,100,25,1500,1500,0.003,0.2063,2,0.322
113,30,20,100,25,1500,1500,0.003,0.2063,3,0.18
114,30,20,100,25,1500,1500,0.004,0.1894,1,0.255
115,30,20,100,25,1500,1500,0.004,0.1894,2,0.259
116,30,20,100,25,1500,1500,0.004,0.1894,3,0.243
117,30,20,100,25,1500,1500,0.005,0.1779,1,0.222
118,30,20,100,25,1500,1500,0.005,0.1779,2,0.214
119,30,20,100,25,1500,1500,0.005,0.1779,3,0.225
120,30,20,100,25,1500,1500,0.006,0.1717,1,0.198
121,30,20,100,25,1500,1500,0.006,0.1717,2,0.197
122,30,20,100,25,1500,1500,0.006,0.1717,3,0.203
123,30,20,100,25,1500,1500,0.007,0.1683,1,0.184
124,30,20,100,25,1500,1500,0.007,0.1683,2,0.177
125,30,20,100,25,1500,1500,0.007,0.1683,3,0.183
126,30,20,100,25,1500,1500,0.008,0.1664,1,0.178
127,30,20,100,25,1500,1500,0.008,0.1664,2,0.171
128,30,20,100,25,1500,1500,0.008,0.1664,3,0.185
129,30,20,100,25,1500,1500,0.009,0.1654,1,0.179
130,30,20,100,25,1500,1500,0.009,0.1654,2,0.213
131,30,20,100,25,1500,1500,0.009,0.1654,3,0.185
132,30,20,100,25,1500,1500,0.01,0.1661,1,0.204
133,30,20,100,25,1500,1500,0.01,0.1661,2,0.218
134,30,20,100,25,1500,1500,0.01,0.1661,3,0.217
135,30,20,100,40,500,500,0.002,0.0,1,0.383
136,30,20,100,40,500,500,0.002,0.0,2,0.368
137,30,20,100,40,500,500,0.002,0.0,3,0.366
138,30,20,100,40,500,500,0.003,0.0,1,1000
139,30,20,100,40,1000,1000,0.004,0.1798,1,0.22
140,30,20,100,40,1000,1000,0.004,0.1798,2,0.216
141,30,20,100,40,1000,1000,0.004,0.1798,3,0.217
142,30,20,100,40,1000,1000,0.006,0.1643,1,0.191
143,30,20,100,40,1000,1000,0.006,0.1643,2,0.184
144,30,20,100,40,1000,1000,0.006,0.1643,3,0.18
145,30,20,100,40,1000,1000,0.008,0.1589,1,0.185
146,30,20,100,40,1000,1000,0.008,0.1589,2,0.179
147,30,20,100,40,1000,1000,0.008,0.1589,3,0.185
148,30,20,100,40,1000,1000,0.01,0.1566,1,0.182
149,30,20,100,40,1000,1000,0.01,0.1566,2,0.163
150,30,20,100,40,1000,1000,0.01,0.1566,3,0.174
151,30,20,100,40,1000,1000,0.012,0.1551,1,0.22
152,30,20,100,40,1000,1000,0.012,0.1551,2,0.208
153,30,20,100,40,1000,1000,0.012,0.1551,3,0.213
154,30,20,100,40,1000,1000,0.014,0.0,1,1000
155,30,20,100,40,1500,1500,0.004,0.1803,1,0.226
156,30,20,100,40,1500,1500,0.004,0.1803,2,0.211
157,30,20,100,40,1500,1500,0.004,0.1803,3,0.22
158,30,20,100,40,1500,1500,0.006,0.1657,1,0.186
159,30,20,100,40,1500,1500,0.006,0.1657,2,0.188
160,30,20,100,40,1500,1500,0.006,0.1657,3,0.178
161,30,20,100,40,1500,1500,0.008,0.1603,1,0.171
162,30,20,100,40,1500,1500,0.008,0.1603,2,0.171
163,30,20,100,40,1500,1500,0.008,0.1603,3,0.169
164,30,20,100,40,1500,1500,0.01,0.1577,1,0.165
165,30,20,100,40,1500,1500,0.01,0.1577,2,0.164
166,30,20,100,40,1500,1500,0.01,0.1577,3,0.168
167,30,20,100,40,1500,1500,0.012,0.1558,1,0.166
168,30,20,100,40,1500,1500,0.012,0.1558,2,0.156
169,30,20,100,40,1500,1500,0.012,0.1558,3,0.157
170,30,20,100,50,500,500,0.002,0.0,1,1000
171,30,20,100,50,1000,1000,0.002,0.197,1,0.286
172,30,20,100,50,1000,1000,0.002,0.197,2,0.284
173,30,20,100,50,1000,1000,0.002,0.197,3,0.22
174,30,20,100,50,1000,1000,0.003,0.1835,1,0.204
175,30,20,100,50,1000,1000,0.003,0.1835,2,0.209
176,30,20,100,50,1000,1000,0.003,0.1835,3,0.218
177,30,20,100,50,1000,1000,0.004,0.1746,1,0.201
178,30,20,100,50,1000,1000,0.004,0.1746,2,0.2
179,30,20,100,50,1000,1000,0.004,0.1746,3,0.188
180,30,20,100,50,1000,1000,0.005,0.1676,1,0.173
181,30,20,100,50,1000,1000,0.005,0.1676,2,0.178
182,30,20,100,50,1000,1000,0.005,0.1676,3,0.179
183,30,20,100,50,1000,1000,0.006,0.1615,1,0.167
184,30,20,100,50,1000,1000,0.006,0.1615,2,0.176
185,30,20,100,50,1000,1000,0.006,0.1615,3,0.175
186,30,20,100,50,1000,1000,0.007,0.1588,1,0.173
187,30,20,100,50,1000,1000,0.007,0.1588,2,0.172
188,30,20,100,50,1000,1000,0.007,0.1588,3,0.176
189,30,20,100,50,1000,1000,0.008,0.157,1,0.174
190,30,20,100,50,1000,1000,0.008,0.157,2,0.18
191,30,20,100,50,1000,1000,0.008,0.157,3,0.175
192,30,20,100,50,1000,1000,0.009,0.1558,1,0.212
193,30,20,100,50,1000,1000,0.009,0.1558,2,0.21
194,30,20,100,50,1000,1000,0.009,0.1558,3,0.234
195,30,20,100,50,1000,1000,0.01,0.0,1,1000
196,30,20,100,50,1500,1500,0.002,0.0,1,0.252
197,30,20,100,50,1500,1500,0.002,0.0,2,0.169
198,30,20,100,50,1500,1500,0.002,0.0,3,0.248
199,30,20,100,50,1500,1500,0.004,0.0,1,0.214
200,30,20,100,50,1500,1500,0.004,0.0,2,0.21
201,30,20,100,50,1500,1500,0.004,0.0,3,0.223
202,30,20,100,50,1500,1500,0.006,0.0,1,0.2
203,30,20,100,50,1500,1500,0.006,0.0,2,0.204
204,30,20,100,50,1500,1500,0.006,0.0,3,0.203
205,30,20,100,50,1500,1500,0.008,0.1581,1,0.165
206,30,20,100,50,1500,1500,0.008,0.1581,2,0.165
207,30,20,100,50,1500,1500,0.008,0.1581,3,0.169
208,30,20,100,50,1500,1500,0.01,0.1556,1,0.174
209,30,20,100,50,1500,1500,0.01,0.1556,2,0.159
210,30,20,100,50,1500,1500,0.01,0.1556,3,0.167
211,30,20,100,50,1500,1500,0.012,0.1538,1,0.162
212,30,20,100,50,1500,1500,0.012,0.1538,2,0.155
213,30,20,100,50,1500,1500,0.012,0.1538,3,0.161
214,30,20,100,50,1500,1500,0.014,0.1523,1,0.156
215,30,20,100,50,1500,1500,0.014,0.1523,2,0.155
216,30,20,100,50,1500,1500,0.014,0.1523,3,0.162
217,30,20,100,50,1500,1500,0.016,0.1508,1,0.145
218,30,20,100,50,1500,1500,0.016,0.1508,2,0.161
219,30,20,100,50,1500,1500,0.016,0.1508,3,0.152
220,30,20,100,50,1500,1500,0.018,0.1493,1,0.153
221,30,20,100,50,1500,1500,0.018,0.1493,2,0.16
222,30,20,100,50,1500,1500,0.018,0.1493,3,0.16
223,30,20,100,50,1500,1500,0.02,0.0,1,1000
224,30,20,100,65,500,500,0.002,0.0,1,1000
225,30,20,100,65,1000,1000,0.002,0.1837,1,0.29
226,30,20,100,65,1000,1000,0.002,0.1837,2,0.283
227,30,20,100,65,1000,1000,0.002,0.1837,3,0.157
228,30,20,100,65,1000,1000,0.004,0.1683,1,0.195
229,30,20,100,65,1000,1000,0.004,0.1683,2,0.187
230,30,20,100,65,1000,1000,0.004,0.1683,3,0.178
231,30,20,100,65,1000,1000,0.005,0.0,1,1000
232,30,20,100,65,1500,1500,0.004,0.1688,1,0.197
233,30,20,100,65,1500,1500,0.004,0.1688,2,0.185
234,30,20,100,65,1500,1500,0.004,0.1688,3,0.191
235,30,20,100,65,1500,1500,0.006,0.1592,1,0.171
236,30,20,100,65,1500,1500,0.006,0.1592,2,0.164
237,30,20,100,65,1500,1500,0.006,0.1592,3,0.172
238,30,20,100,65,1500,1500,0.008,0.1554,1,0.158
239,30,20,100,65,1500,1500,0.008,0.1554,2,0.158
240,30,20,100,65,1500,1500,0.008,0.1554,3,0.157
241,30,20,100,65,1500,1500,0.01,0.1531,1,0.16
242,30,20,100,65,1500,1500,0.01,0.1531,2,0.163
243,30,20,100,65,1500,1500,0.01,0.1531,3,0.16
244,30,20,100,65,1500,1500,0.012,0.151,1,0.156
245,30,20,100,65,1500,1500,0.012,0.151,2,0.159
246,30,20,100,65,1500,1500,0.012,0.151,3,0.15
247,30,20,100,65,1500,1500,0.014,0.0,1,1000
248,30,20,100,80,500,500,0.002,0.0,1,1000
249,30,20,100,80,1000,1000,0.002,0.0,1,0.23
250,30,20,100,80,1000,1000,0.002,0.0,2,0.38
251,30,20,100,80,1000,1000,0.002,0.0,3,0.318
252,30,20,100,80,1500,1500,0.004,0.1631,1,0.188
253,30,20,100,80,1500,1500,0.004,0.1631,2,0.183
254,30,20,100,80,1500,1500,0.004,0.1631,3,0.178
255,30,20,100,80,1500,1500,0.006,0.1563,1,0.17
256,30,20,100,80,1500,1500,0.006,0.1563,2,0.165
257,30,20,100,80,1500,1500,0.006,0.1563,3,0.162
258,30,20,100,80,1500,1500,0.008,0.1532,1,0.155
259,30,20,100,80,1500,1500,0.008,0.1532,2,0.157
260,30,20,100,80,1500,1500,0.008,0.1532,3,0.157
261,30,20,100,80,1500,1500,0.01,0.1505,1,0.174
262,30,20,100,80,1500,1500,0.01,0.1505,2,0.177
263,30,20,100,80,1500,1500,0.01,0.1505,3,0.169
264,30,20,100,80,1500,1500,0.012,0.0,1,1000
265,30,20,100,95,500,500,0.002,0.0,1,1000
266,30,20,100,95,1000,1000,0.002,0.0,1,1000
267,30,20,100,95,1500,1500,0.004,0.1586,1,0.17
268,30,20,100,95,1500,1500,0.004,0.1586,2,0.163
269,30,20,100,95,1500,1500,0.004,0.1586,3,0.16
270,30,20,100,95,1500,1500,0.006,0.1539,1,0.199
271,30,20,100,95,1500,1500,0.006,0.1539,2,0.19
272,30,20,100,95,1500,1500,0.006,0.1539,3,0.179
273,30,20,100,95,1500,1500,0.008,0.0,1,1000
274,20,20,100,20,500,500,0.004,0.2084,1,0.343
275,20,20,100,20,500,500,0.004,0.2084,2,0.2
276,20,20,100,20,500,500,0.004,0.2084,3,0.198
277,20,20,100,20,500,500,0.006,0.2407,1,0.295
278,20,20,100,20,500,500,0.006,0.2407,2,0.296
279,20,20,100,20,500,500,0.006,0.2407,3,0.285
280,20,20,100,20,500,500,0.008,0.0,1,1000
281,20,20,100,20,1000,1000,0.002,0.2259,1,0.347
282,20,20,100,20,1000,1000,0.002,0.2259,2,0.242
283,20,20,100,20,1000,1000,0.002,0.2259,3,0.234
284,20,20,100,20,1000,1000,0.004,0.2118,1,0.229
285,20,20,100,20,1000,1000,0.004,0.2118,2,0..22
286,20,20,100,20,1000,1000,0.004,0.2118,3,0.221
287,20,20,100,20,1000,1000,0.006,0.1951,1,0.187
288,20,20,100,20,1000,1000,0.006,0.1951,2,0.192
289,20,20,100,20,1000,1000,0.006,0.1951,3,0.186
290,20,20,100,20,1000,1000,0.008,0.1794,1,0.164
291,20,20,100,20,1000,1000,0.008,0.1794,2,0.164
292,20,20,100,20,1000,1000,0.008,0.1794,3,0.168
293,20,20,100,20,1000,1000,0.01,0.1692,1,0.178
294,20,20,100,20,1000,1000,0.01,0.1692,2,0.179
295,20,20,100,20,1000,1000,0.01,0.1692,3,0.178
296,20,20,100,20,1000,1000,0.012,0.167,1,1000
297,20,20,100,20,1500,1500,0.002,0.2381,1,0.244
298,20,20,100,20,1500,1500,0.002,0.2381,2,0.255
299,20,20,100,20,1500,1500,0.002,0.2381,3,0.249
300,20,20,100,20,1500,1500,0.004,0.1859,1,0.229
301,20,20,100,20,1500,1500,0.004,0.1859,2,0.216
302,20,20,100,20,1500,1500,0.004,0.1859,3,0.219
303,20,20,100,20,1500,1500,0.006,0.1688,1,0.181
304,20,20,100,20,1500,1500,0.006,0.1688,2,0.192
305,20,20,100,20,1500,1500,0.006,0.1688,3,0.189
306,20,20,100,20,1500,1500,0.008,0.1799,1,0.169
307,20,20,100,20,1500,1500,0.008,0.1799,2,0.174
308,20,20,100,20,1500,1500,0.008,0.1799,3,0.168
309,20,20,100,20,1500,1500,0.01,0.1802,1,0.209
310,20,20,100,20,1500,1500,0.01,0.1802,2,0.206
311,20,20,100,20,1500,1500,0.01,0.1802,3,0.206
312,20,20,100,20,1500,1500,0.012,0.0,1,1000
313,20,20,100,20,2000,2000,0.004,0.1902,1,0.276
314,20,20,100,20,2000,2000,0.004,0.1902,2,0.304
315,20,20,100,20,2000,2000,0.004,0.1902,3,0.328
316,20,20,100,20,2000,2000,0.006,0.1898,1,0.227
317,20,20,100,20,2000,2000,0.006,0.1898,2,0.224
318,20,20,100,20,2000,2000,0.006,0.1898,3,0.297
319,20,20,100,20,2000,2000,0.008,0.1932,1,0.197
320,20,20,100,20,2000,2000,0.008,0.1932,2,0.197
321,20,20,100,20,2000,2000,0.008,0.1932,3,0.197
322,20,20,100,20,2000,2000,0.01,0.1905,1,0.27
323,20,20,100,20,2000,2000,0.01,0.1905,2,0.269
324,20,20,100,20,2000,2000,0.01,0.1905,3,0.272
325,20,20,100,20,2000,2000,0.012,0.2022,1,0.223
326,20,20,100,20,2000,2000,0.012,0.2022,2,0.292
327,20,20,100,20,2000,2000,0.012,0.2022,3,0.222
328,20,20,100,20,2000,2000,0.014,0.2018,1,0.24
329,20,20,100,20,2000,2000,0.014,0.2018,2,0.246
330,20,20,100,20,2000,2000,0.014,0.2018,3,0.243
331,20,20,100,20,2000,2000,0.016,0.2114,1,0.191
332,20,20,100,20,2000,2000,0.016,0.2114,2,0.2
333,20,20,100,20,2000,2000,0.016,0.2114,3,0.191
334,20,20,100,20,2000,2000,0.018,0.2144,1,0.194
335,20,20,100,20,2000,2000,0.018,0.2144,2,0.187
336,20,20,100,20,2000,2000,0.018,0.2144,3,0.194
337,20,20,100,20,2000,2000,0.02,0.0,1,0.212
338,20,20,100,20,2000,2000,0.02,0.0,2,0.213
339,20,20,100,20,2000,2000,0.02,0.0,3,0.199
340,20,20,100,25,500,500,0.002,0.2013,1,0.165
341,20,20,100,25,500,500,0.002,0.2013,2,0.178
342,20,20,100,25,500,500,0.002,0.2013,3,0.17
343,20,20,100,25,500,500,0.003,0.1971,1,0.17
344,20,20,100,25,500,500,0.003,0.1971,2,0.175
345,20,20,100,25,500,500,0.003,0.1971,3,0.287
346,20,20,100,25,500,500,0.004,0.1986,1,0.204
347,20,20,100,25,500,500,0.004,0.1986,2,0.206
348,20,20,100,25,500,500,0.004,0.1986,3,0.227
349,20,20,100,25,500,500,0.005,0.0,1,1000
350,20,20,100,25,1000,1000,0.002,0.2262,1,0.308
351,20,20,100,25,1000,1000,0.002,0.2262,2,0.255
352,20,20,100,25,1000,1000,0.002,0.2262,3,0.169
353,20,20,100,25,1000,1000,0.003,0.2001,1,0.243
354,20,20,100,25,1000,1000,0.003,0.2001,2,0.247
355,20,20,100,25,1000,1000,0.003,0.2001,3,0.248
356,20,20,100,25,1000,1000,0.004,0.184,1,0.253
357,20,20,100,25,1000,1000,0.004,0.184,2,0.228
358,20,20,100,25,1000,1000,0.004,0.184,3,0.234
359,20,20,100,25,1000,1000,0.005,0.1761,1,0.226
360,20,20,100,25,1000,1000,0.005,0.1761,2,0.225
361,20,20,100,25,1000,1000,0.005,0.1761,3,0.213
362,20,20,100,25,1000,1000,0.006,0.1623,1,0.203
363,20,20,100,25,1000,1000,0.006,0.1623,2,0.204
364,20,20,100,25,1000,1000,0.006,0.1623,3,0.208
365,20,20,100,25,1000,1000,0.007,0.1561,1,0.187
366,20,20,100,25,1000,1000,0.007,0.1561,2,0.187
367,20,20,100,25,1000,1000,0.007,0.1561,3,0.185
368,20,20,100,25,1000,1000,0.008,0.1638,1,0.169
369,20,20,100,25,1000,1000,0.008,0.1638,2,0.169
370,20,20,100,25,1000,1000,0.008,0.1638,3,0.166
371,20,20,100,25,1000,1000,0.009,0.1731,1,0.164
372,20,20,100,25,1000,1000,0.009,0.1731,2,0.155
373,20,20,100,25,1000,1000,0.009,0.1731,3,0.167
374,20,20,100,25,1000,1000,0.01,0.1755,1,0.151
375,20,20,100,25,1000,1000,0.01,0.1755,2,0.159
376,20,20,100,25,1000,1000,0.01,0.1755,3,0.159
377,20,20,100,25,1500,1500,0.002,0.2278,1,0.142
378,20,20,100,25,1500,1500,0.002,0.2278,2,0.296
379,20,20,100,25,1500,1500,0.002,0.2278,3,0.279
380,20,20,100,25,1500,1500,0.003,0.2004,1,0.306
381,20,20,100,25,1500,1500,0.003,0.2004,2,0.143
382,20,20,100,25,1500,1500,0.003,0.2004,3,0.289
383,20,20,100,25,1500,1500,0.004,0.1833,1,0.224
384,20,20,100,25,1500,1500,0.004,0.1833,2,0.228
385,20,20,100,25,1500,1500,0.004,0.1833,3,0.228
386,20,20,100,25,1500,1500,0.005,0.171,1,0.217
387,20,20,100,25,1500,1500,0.005,0.171,2,0.231
388,20,20,100,25,1500,1500,0.005,0.171,3,0.225
389,20,20,100,25,1500,1500,0.006,0.1638,1,0.211
390,20,20,100,25,1500,1500,0.006,0.1638,2,0.226
391,20,20,100,25,1500,1500,0.006,0.1638,3,0.204
392,20,20,100,25,1500,1500,0.007,0.1605,1,0.2
393,20,20,100,25,1500,1500,0.007,0.1605,2,0.191
394,20,20,100,25,1500,1500,0.007,0.1605,3,0.195
395,20,20,100,25,1500,1500,0.008,0.1593,1,0.174
396,20,20,100,25,1500,1500,0.008,0.1593,2,0.18
397,20,20,100,25,1500,1500,0.008,0.1593,3,0.173
398,20,20,100,25,1500,1500,0.009,0.1679,1,0.165
399,20,20,100,25,1500,1500,0.009,0.1679,2,0.165
400,20,20,100,25,1500,1500,0.009,0.1679,3,0.172
401,20,20,100,25,1500,1500,0.01,0.1691,1,0.162
402,20,20,100,25,1500,1500,0.01,0.1691,2,0.171
403,20,20,100,25,1500,1500,0.01,0.1691,3,0.172
404,20,20,100,40,500,500,0.002,0.2016,1,0.322
405,20,20,100,40,500,500,0.002,0.2016,2,0.245
406,20,20,100,40,500,500,0.003,0.0,1,1000
407,20,20,100,40,1000,1000,0.004,0.1719,1,0.194
408,20,20,100,40,1000,1000,0.004,0.1719,2,0.202
409,20,20,100,40,1000,1000,0.004,0.1719,3,0.193
410,20,20,100,40,1000,1000,0.006,0.1608,1,0.187
411,20,20,100,40,1000,1000,0.006,0.1608,2,0.188
412,20,20,100,40,1000,1000,0.006,0.1608,3,0.188
413,20,20,100,40,1000,1000,0.008,0.1501,1,0.162
414,20,20,100,40,1000,1000,0.008,0.1501,2,0.182
415,20,20,100,40,1000,1000,0.008,0.1501,3,0.207
416,20,20,100,40,1000,1000,0.01,0.0,1,1000
417,20,20,100,40,1500,1500,0.004,0.1745,1,0.21
418,20,20,100,40,1500,1500,0.004,0.1745,2,0.212
419,20,20,100,40,1500,1500,0.004,0.1745,3,0.216
420,20,20,100,40,1500,1500,0.006,0.1588,1,0.177
421,20,20,100,40,1500,1500,0.006,0.1588,2,0.186
422,20,20,100,40,1500,1500,0.006,0.1588,3,0.183
423,20,20,100,40,1500,1500,0.008,0.1519,1,0.158
424,20,20,100,40,1500,1500,0.008,0.1519,2,0.172
425,20,20,100,40,1500,1500,0.008,0.1519,3,0.175
426,20,20,100,40,1500,1500,0.01,0.149,1,0.159
427,20,20,100,40,1500,1500,0.01,0.149,2,0.204
428,20,20,100,40,1500,1500,0.01,0.149,3,0.165
429,20,20,100,40,1500,1500,0.012,0.1474,1,0.37
430,20,20,100,40,1500,1500,0.012,0.1474,2,0.334
431,20,20,100,40,1500,1500,0.012,0.1474,3,0.12
432,20,20,100,40,1500,1500,0.014,0.0,1,1000
433,20,20,100,50,500,500,0.002,0.0,1,1000
434,20,20,100,50,1000,1000,0.002,0.1916,1,0.229
435,20,20,100,50,1000,1000,0.002,0.1916,2,0.228
436,20,20,100,50,1000,1000,0.002,0.1916,3,0.226
437,20,20,100,50,1000,1000,0.003,0.0,1,0.3
438,20,20,100,50,1000,1000,0.003,0.0,2,0.275
439,20,20,100,50,1000,1000,0.003,0.0,3,0.201
440,20,20,100,50,1000,1000,0.004,0.178,1,0.191
441,20,20,100,50,1000,1000,0.004,0.178,2,0.192
442,20,20,100,50,1000,1000,0.004,0.178,3,0.199
443,20,20,100,50,1000,1000,0.005,0.0,1,0.206
444,20,20,100,50,1000,1000,0.005,0.0,2,0.187
445,20,20,100,50,1000,1000,0.005,0.0,3,0.196
446,20,20,100,50,1000,1000,0.006,0.1683,1,0.189
447,20,20,100,50,1000,1000,0.006,0.1683,2,0.191
448,20,20,100,50,1000,1000,0.006,0.1683,3,0.173
449,20,20,100,50,1000,1000,0.007,0.0,1,0.199
450,20,20,100,50,1000,1000,0.007,0.0,2,0.183
451,20,20,100,50,1000,1000,0.007,0.0,3,0.179
452,20,20,100,50,1000,1000,0.008,0.1623,1,0.268
453,20,20,100,50,1000,1000,0.008,0.1623,2,0.307
454,20,20,100,50,1000,1000,0.008,0.1623,3,0.239
455,20,20,100,50,1000,1000,0.01,0.0,1,1000
456,20,20,100,50,1500,1500,0.002,0.1932,1,0.182
457,20,20,100,50,1500,1500,0.002,0.1932,2,0.3
458,20,20,100,50,1500,1500,0.002,0.1932,3,0.245
459,20,20,100,50,1500,1500,0.004,0.1692,1,0.191
460,20,20,100,50,1500,1500,0.004,0.1692,2,0.193
461,20,20,100,50,1500,1500,0.004,0.1692,3,0.185
462,20,20,100,50,1500,1500,0.006,0.1562,1,0.178
463,20,20,100,50,1500,1500,0.006,0.1562,2,0.166
464,20,20,100,50,1500,1500,0.006,0.1562,3,0.173
465,20,20,100,50,1500,1500,0.008,0.15,1,0.163
466,20,20,100,50,1500,1500,0.008,0.15,2,0.167
467,20,20,100,50,1500,1500,0.008,0.15,3,0.171
468,20,20,100,50,1500,1500,0.01,0.1471,1,0.166
469,20,20,100,50,1500,1500,0.01,0.1471,2,0.152
470,20,20,100,50,1500,1500,0.01,0.1471,3,0.185
471,20,20,100,50,1500,1500,0.012,0.1454,1,0.144
472,20,20,100,50,1500,1500,0.012,0.1454,2,0.145
473,20,20,100,50,1500,1500,0.012,0.1454,3,0.147
474,20,20,100,50,1500,1500,0.014,0.1437,1,0.152
475,20,20,100,50,1500,1500,0.014,0.1437,2,0.152
476,20,20,100,50,1500,1500,0.014,0.1437,3,0.151
477,20,20,100,50,1500,1500,0.016,0.1421,1,0.149
478,20,20,100,50,1500,1500,0.016,0.1421,2,0.147
479,20,20,100,50,1500,1500,0.016,0.1421,3,0.147
480,20,20,100,50,1500,1500,0.018,0.1406,1,0.156
481,20,20,100,50,1500,1500,0.018,0.1406,2,0.158
482,20,20,100,50,1500,1500,0.018,0.1406,3,0.16
483,20,20,100,65,500,500,0.002,0.1779,1,1000
484,20,20,100,65,1000,1000,0.003,0.1691,1,0.197
485,20,20,100,65,1000,1000,0.003,0.1691,2,0.198
486,20,20,100,65,1000,1000,0.003,0.1691,3,0.178
487,20,20,100,65,1000,1000,0.004,0.1623,1,0.265
488,20,20,100,65,1000,1000,0.004,0.1623,2,0.267
489,20,20,100,65,1000,1000,0.004,0.1623,3,0.25
490,20,20,100,65,1000,1000,0.005,0.1567,1,1000
491,20,20,100,65,1500,1500,0.002,0.1797,1,0.244
492,20,20,100,65,1500,1500,0.002,0.1797,2,0.203
493,20,20,100,65,1500,1500,0.004,0.163,1,0.185
494,20,20,100,65,1500,1500,0.004,0.163,2,0.186
495,20,20,100,65,1500,1500,0.004,0.163,3,0.176
496,20,20,100,65,1500,1500,0.006,0.1524,1,0.166
497,20,20,100,65,1500,1500,0.006,0.1524,2,0.159
498,20,20,100,65,1500,1500,0.006,0.1524,3,0.157
499,20,20,100,65,1500,1500,0.008,0.1478,1,0.156
500,20,20,100,65,1500,1500,0.008,0.1478,2,0.159
501,20,20,100,65,1500,1500,0.008,0.1478,3,0.15
502,20,20,100,65,1500,1500,0.01,0.1454,1,0.154
503,20,20,100,65,1500,1500,0.01,0.1454,2,0.155
504,20,20,100,65,1500,1500,0.01,0.1454,3,0.152
505,20,20,100,65,1500,1500,0.012,0.1436,1,0.149
506,20,20,100,65,1500,1500,0.012,0.1436,2,0.149
507,20,20,100,65,1500,1500,0.012,0.1436,3,0.151
508,20,20,100,65,1500,1500,0.014,0.1418,1,0.161
509,20,20,100,65,1500,1500,0.014,0.1418,2,0.15
510,20,20,100,65,1500,1500,0.014,0.1418,3,0.154
511,20,20,100,65,1500,1500,0.016,0.1399,1,0.202
512,20,20,100,65,1500,1500,0.016,0.1399,2,0.183
513,20,20,100,65,1500,1500,0.016,0.1399,3,0.224
514,20,20,100,65,1500,1500,0.018,0.0,1,1000
515,20,20,100,80,500,500,0.002,0.0,1,1000
516,20,20,100,80,1000,1000,0.002,0.1675,1,0.183
517,20,20,100,80,1000,1000,0.002,0.1675,2,다시실험
518,20,20,100,80,1000,1000,0.002,0.1675,3,다시실험
519,20,20,100,80,1500,1500,0.004,0.1577,1,0.182
520,20,20,100,80,1500,1500,0.004,0.1577,2,0.177
521,20,20,100,80,1500,1500,0.004,0.1577,3,0.181
522,20,20,100,80,1500,1500,0.006,0.1493,1,0.157
523,20,20,100,80,1500,1500,0.006,0.1493,2,0.167
524,20,20,100,80,1500,1500,0.006,0.1493,3,0.158
525,20,20,100,80,1500,1500,0.008,0.1459,1,0.147
526,20,20,100,80,1500,1500,0.008,0.1459,2,0.154
527,20,20,100,80,1500,1500,0.008,0.1459,3,0.152
528,20,20,100,80,1500,1500,0.01,0.1437,1,0.17
529,20,20,100,80,1500,1500,0.01,0.1437,2,0.166
530,20,20,100,80,1500,1500,0.01,0.1437,3,0.187
531,20,20,100,80,1500,1500,0.012,0.0,1,1000
532,20,20,100,95,500,500,0.002,0.0,1,1000
533,20,20,100,95,1000,1000,0.002,0.0,1,1000
534,20,20,100,95,1500,1500,0.004,0.1532,1,0.187
535,20,20,100,95,1500,1500,0.004,0.1532,2,0.171
536,20,20,100,95,1500,1500,0.004,0.1532,3,0.16
537,20,20,100,95,1500,1500,0.006,0.1467,1,0.165
538,20,20,100,95,1500,1500,0.006,0.1467,2,0.172
539,20,20,100,95,1500,1500,0.006,0.1467,3,0.186
540,20,20,100,95,1500,1500,0.008,0.0,1,1000
541,40,40,100,20,500,500,0.004,0.2184,1,0.191
542,40,40,100,20,500,500,0.004,0.2184,2,0.196
543,40,40,100,20,500,500,0.006,0.1985,1,0.214
544,40,40,100,20,500,500,0.006,0.1985,2,0.316
545,40,40,100,20,500,500,0.006,0.1985,3,0.354
546,40,40,100,20,500,500,0.008,0.0,1,1000
547,40,40,100,20,1000,1000,0.002,0.259,1,0.173
548,40,40,100,20,1000,1000,0.004,0.2121,1,0.272
549,40,40,100,20,1000,1000,0.004,0.2121,2,0.26
550,40,40,100,20,1000,1000,0.004,0.2121,3,0.354
551,40,40,100,20,1000,1000,0.006,0.1955,1,0.223
552,40,40,100,20,1000,1000,0.006,0.1955,2,0.296
553,40,40,100,20,1000,1000,0.006,0.1955,3,0.24
554,40,40,100,20,1000,1000,0.008,0.1906,1,0.226
555,40,40,100,20,1000,1000,0.008,0.1906,2,0.244
556,40,40,100,20,1000,1000,0.008,0.1906,3,0.227
557,40,40,100,20,1000,1000,0.01,0.0,1,1000
558,40,40,100,20,1500,1500,0.004,0.2126,1,0.309
559,40,40,100,20,1500,1500,0.004,0.2126,2,0.341
560,40,40,100,20,1500,1500,0.004,0.2126,3,0.219
561,40,40,100,20,1500,1500,0.006,0.1984,1,0.219
562,40,40,100,20,1500,1500,0.006,0.1984,2,0.218
563,40,40,100,20,1500,1500,0.006,0.1984,3,0.207
564,40,40,100,20,1500,1500,0.008,0.1925,1,0.298
565,40,40,100,20,1500,1500,0.008,0.1925,2,0.308
566,40,40,100,20,1500,1500,0.008,0.1925,3,0.328
567,40,40,100,20,1500,1500,0.01,0.1886,1,0.29
568,40,40,100,20,1500,1500,0.01,0.1886,2,0.273
569,40,40,100,20,1500,1500,0.01,0.1886,3,0.323
570,40,40,100,20,1500,1500,0.12,0.0,1,1000
571,40,40,100,20,2000,2000,0.004,0.2164,1,0.378
572,40,40,100,20,2000,2000,0.004,0.2164,2,0.413
573,40,40,100,20,2000,2000,0.004,0.2164,3,0.358
574,40,40,100,20,2000,2000,0.006,0.2032,1,0.305
575,40,40,100,20,2000,2000,0.006,0.2032,2,0.278
576,40,40,100,20,2000,2000,0.006,0.2032,3,0.342
577,40,40,100,20,2000,2000,0.008,0.1977,1,0.323
578,40,40,100,20,2000,2000,0.008,0.1977,2,0.342
579,40,40,100,20,2000,2000,0.008,0.1977,3,0.331
580,40,40,100,20,2000,2000,0.01,0.1939,1,0.297
581,40,40,100,20,2000,2000,0.01,0.1939,2,0.331
582,40,40,100,20,2000,2000,0.01,0.1939,3,0.32
583,40,40,100,20,2000,2000,0.12,0.1896,1,0.27
584,40,40,100,20,2000,2000,0.12,0.1896,2,0.294
585,40,40,100,20,2000,2000,0.12,0.1896,3,0.26
586,40,40,100,20,2000,2000,0.014,0.0,1,1000
587,40,40,100,20,2000,2000,0.016,0.0,1,1000
588,40,40,100,25,500,500,0.002,0.2465,1,0.387
589,40,40,100,25,500,500,0.002,0.2465,2,0.356
590,40,40,100,25,500,500,0.003,0.2213,1,0.27
591,40,40,100,25,500,500,0.003,0.2213,2,0.263
592,40,40,100,25,500,500,0.003,0.2213,3,0.254
593,40,40,100,25,500,500,0.004,0.0,1,1000
594,40,40,100,25,1000,1000,0.002,0.2484,1,0.302
595,40,40,100,25,1000,1000,0.002,0.2484,2,0.295
596,40,40,100,25,1000,1000,0.002,0.2484,3,0.169
597,40,40,100,25,1000,1000,0.003,0.0,1,0.257
598,40,40,100,25,1000,1000,0.003,0.0,2,0.248
599,40,40,100,25,1000,1000,0.003,0.0,3,0.248
600,40,40,100,25,1000,1000,0.004,0.2081,1,0.234
601,40,40,100,25,1000,1000,0.004,0.2081,2,0.241
602,40,40,100,25,1000,1000,0.004,0.2081,3,0.237
603,40,40,100,25,1000,1000,0.005,0.0,1,0.178
604,40,40,100,25,1000,1000,0.005,0.0,2,0.407
605,40,40,100,25,1000,1000,0.005,0.0,3,0.34
606,40,40,100,25,1000,1000,0.006,0.1931,1,0.212
607,40,40,100,25,1000,1000,0.006,0.1931,2,0.217
608,40,40,100,25,1000,1000,0.006,0.1931,3,0.217
609,40,40,100,25,1000,1000,0.007,0.0,1,0.219
610,40,40,100,25,1000,1000,0.007,0.0,2,0.215
611,40,40,100,25,1000,1000,0.007,0.0,3,0.213
612,40,40,100,25,1000,1000,0.008,0.1889,1,0.208
613,40,40,100,25,1000,1000,0.008,0.1889,2,0.252
614,40,40,100,25,1000,1000,0.008,0.1889,3,0.205
615,40,40,100,25,1000,1000,0.009,0.0,1,0.182
616,40,40,100,25,1000,1000,0.009,0.0,2,0.196
617,40,40,100,25,1000,1000,0.009,0.0,3,0.194
618,40,40,100,25,1000,1000,0.01,0.0,1,1000
619,40,40,100,25,1500,1500,0.002,0.25,1,0.233
620,40,40,100,25,1500,1500,0.002,0.25,2,0.311
621,40,40,100,25,1500,1500,0.002,0.25,3,0.166
622,40,40,100,25,1500,1500,0.003,0.2241,1,0.245
623,40,40,100,25,1500,1500,0.003,0.2241,2,0.241
624,40,40,100,25,1500,1500,0.003,0.2241,3,0.25
625,40,40,100,25,1500,1500,0.004,0.2087,1,0.214
626,40,40,100,25,1500,1500,0.005,0.1999,1,0.238
627,40,40,100,25,1500,1500,0.005,0.1999,2,0.225
628,40,40,100,25,1500,1500,0.005,0.1999,3,0.231
629,40,40,100,25,1500,1500,0.006,0.195,1,0.212
630,40,40,100,25,1500,1500,0.006,0.195,2,0.216
631,40,40,100,25,1500,1500,0.006,0.195,3,0.204
632,40,40,100,25,1500,1500,0.007,0.1919,1,0.205
633,40,40,100,25,1500,1500,0.007,0.1919,2,0.206
634,40,40,100,25,1500,1500,0.007,0.1919,3,0.196
635,40,40,100,25,1500,1500,0.008,0.1894,1,0.192
636,40,40,100,25,1500,1500,0.008,0.1894,2,0.198
637,40,40,100,25,1500,1500,0.008,0.1894,3,0.192
638,40,40,100,25,1500,1500,0.009,0.1875,1,0.194
639,40,40,100,25,1500,1500,0.009,0.1875,2,0.19
640,40,40,100,25,1500,1500,0.009,0.1875,3,0.197
641,40,40,100,25,1500,1500,0.01,0.1859,1,0.194
642,40,40,100,25,1500,1500,0.01,0.1859,2,0.196
643,40,40,100,25,1500,1500,0.01,0.1859,3,0.194
644,40,40,100,40,500,500,0.002,0.2239,1,0.244
645,40,40,100,40,500,500,0.002,0.2239,2,0.24
646,40,40,100,40,500,500,0.002,0.2239,3,0.238
647,40,40,100,40,500,500,0.003,0.0,1,1000
648,40,40,100,40,1000,1000,0.004,0.1974,1,0.214
649,40,40,100,40,1000,1000,0.004,0.1974,2,0.229
650,40,40,100,40,1000,1000,0.004,0.1974,3,0.225
651,40,40,100,40,1000,1000,0.006,0.187,1,0.206
652,40,40,100,40,1000,1000,0.006,0.187,2,0.207
653,40,40,100,40,1000,1000,0.006,0.187,3,0.227
654,40,40,100,40,1000,1000,0.008,0.1829,1,0.224
655,40,40,100,40,1000,1000,0.008,0.1829,2,0.24
656,40,40,100,40,1000,1000,0.008,0.1829,3,0.23
657,40,40,100,40,1000,1000,0.01,0.0,1,1000
658,40,40,100,40,1500,1500,0.002,0.2267,1,0.257
659,40,40,100,40,1500,1500,0.002,0.2267,2,0.197
660,40,40,100,40,1500,1500,0.002,0.2267,3,0.266
661,40,40,100,40,1500,1500,0.004,0.1985,1,0.219
662,40,40,100,40,1500,1500,0.004,0.1985,2,0.223
663,40,40,100,40,1500,1500,0.004,0.1985,3,0.228
664,40,40,100,40,1500,1500,0.006,0.1882,1,0.207
665,40,40,100,40,1500,1500,0.006,0.1882,2,0.211
666,40,40,100,40,1500,1500,0.006,0.1882,3,0.217
667,40,40,100,40,1500,1500,0.008,0.1836,1,0.203
668,40,40,100,40,1500,1500,0.008,0.1836,2,0.217
669,40,40,100,40,1500,1500,0.008,0.1836,3,0.197
670,40,40,100,40,1500,1500,0.01,0.1798,1,0.213
671,40,40,100,40,1500,1500,0.01,0.1798,2,0.249
672,40,40,100,40,1500,1500,0.01,0.1798,3,0.332
673,40,40,100,40,1500,1500,0.012,0.0,1,0.371
674,40,40,100,40,1500,1500,0.012,0.0,2,0.252
675,40,40,100,40,1500,1500,0.012,0.0,3,0.273
676,40,40,100,50,500,500,0.002,0.0,1,1000
677,40,40,100,50,1000,1000,0.002,0.2135,1,0.26
678,40,40,100,50,1000,1000,0.002,0.2135,2,0.185
679,40,40,100,50,1000,1000,0.002,0.2135,3,0.241
680,40,40,100,50,1000,1000,0.003,0.2015,1,0.219
681,40,40,100,50,1000,1000,0.003,0.2015,2,0.22
682,40,40,100,50,1000,1000,0.003,0.2015,3,0.223
683,40,40,100,50,1000,1000,0.004,0.0,1,0.2
684,40,40,100,50,1000,1000,0.004,0.0,2,0.343
685,40,40,100,50,1000,1000,0.004,0.0,3,0.374
686,40,40,100,50,1000,1000,0.005,0.0,1,0.227
687,40,40,100,50,1000,1000,0.005,0.0,2,0.261
688,40,40,100,50,1000,1000,0.005,0.0,3,0.21
689,40,40,100,50,1000,1000,0.006,0.0,1,0.212
690,40,40,100,50,1000,1000,0.006,0.0,2,0.2
691,40,40,100,50,1000,1000,0.006,0.0,3,0.204
692,40,40,100,50,1000,1000,0.007000000000000001,0.0,1,0.222
693,40,40,100,50,1000,1000,0.007000000000000001,0.0,2,0.204
694,40,40,100,50,1000,1000,0.007000000000000001,0.0,3,0.2
695,40,40,100,50,1000,1000,0.008,0.0,1,0.222
696,40,40,100,50,1000,1000,0.008,0.0,2,0.218
697,40,40,100,50,1000,1000,0.008,0.0,3,0.208
698,40,40,100,50,1000,1000,0.009000000000000001,0.0,1,0.235
699,40,40,100,50,1000,1000,0.009000000000000001,0.0,2,0.215
700,40,40,100,50,1000,1000,0.009000000000000001,0.0,3,0.219
701,40,40,100,50,1000,1000,0.01,0.0,1,0.27
702,40,40,100,50,1000,1000,0.01,0.0,2,0.249
703,40,40,100,50,1000,1000,0.01,0.0,3,0.247
704,40,40,100,50,1500,1500,0.002,0.2153,1,0.252
705,40,40,100,50,1500,1500,0.002,0.2153,2,0.169
706,40,40,100,50,1500,1500,0.002,0.2153,3,0.248
707,40,40,100,50,1500,1500,0.004,0.1932,1,0.214
708,40,40,100,50,1500,1500,0.004,0.1932,2,0.21
709,40,40,100,50,1500,1500,0.004,0.1932,3,0.223
710,40,40,100,50,1500,1500,0.006,0.1848,1,0.2
711,40,40,100,50,1500,1500,0.006,0.1848,2,0.204
712,40,40,100,50,1500,1500,0.006,0.1848,3,0.203
713,40,40,100,50,1500,1500,0.008,0.1798,1,0.196
714,40,40,100,50,1500,1500,0.008,0.1798,2,0.193
715,40,40,100,50,1500,1500,0.008,0.1798,3,0.192
716,40,40,100,50,1500,1500,0.01,0.1753,1,0.205
717,40,40,100,50,1500,1500,0.01,0.1753,2,0.204
718,40,40,100,50,1500,1500,0.01,0.1753,3,0.247
719,40,40,100,50,1500,1500,0.012,0.1727,1,0.182
720,40,40,100,50,1500,1500,0.012,0.1727,2,0.193
721,40,40,100,50,1500,1500,0.012,0.1727,3,0.189
722,40,40,100,65,500,500,0.002,,1,1000
723,40,40,100,65,1000,1000,0.002,0.2004,1,0.247
724,40,40,100,65,1000,1000,0.002,0.2004,2,0.24
725,40,40,100,65,1000,1000,0.002,0.2004,3,0.25
726,40,40,100,65,1000,1000,0.003,0.0,1,0.361
727,40,40,100,65,1000,1000,0.003,0.0,2,0.274
728,40,40,100,65,1000,1000,0.003,0.0,3,0.193
729,40,40,100,65,1000,1000,0.004,0.1862,1,0.193
730,40,40,100,65,1000,1000,0.004,0.1862,2,0.204
731,40,40,100,65,1000,1000,0.004,0.1862,3,0.196
732,40,40,100,65,1000,1000,0.005,0.0,1,0.259
733,40,40,100,65,1000,1000,0.005,0.0,2,0.257
734,40,40,100,65,1000,1000,0.005,0.0,3,0.261
735,40,40,100,65,1000,1000,0.006,0.1791,1,0.36
736,40,40,100,65,1000,1000,0.006,0.1791,2,0.293
737,40,40,100,65,1000,1000,0.007000000000000001,0.0,1,1000
738,40,40,100,65,1000,1000,0.008,0.0,1,1000
739,40,40,100,65,1500,1500,0.002,0.2018,1,0.241
740,40,40,100,65,1500,1500,0.002,0.2018,2,0.176
741,40,40,100,65,1500,1500,0.002,0.2018,3,0.241
742,40,40,100,65,1500,1500,0.004,0.1871,1,0.205
743,40,40,100,65,1500,1500,0.004,0.1871,2,0.2
744,40,40,100,65,1500,1500,0.004,0.1871,3,0.203
745,40,40,100,65,1500,1500,0.006,0.1801,1,0.194
746,40,40,100,65,1500,1500,0.006,0.1801,2,0.189
747,40,40,100,65,1500,1500,0.006,0.1801,3,0.195
748,40,40,100,65,1500,1500,0.008,0.1741,1,0.182
749,40,40,100,65,1500,1500,0.008,0.1741,2,0.183
750,40,40,100,65,1500,1500,0.008,0.1741,3,0.19
751,40,40,100,65,1500,1500,0.01,0.1719,1,0.203
752,40,40,100,65,1500,1500,0.01,0.1719,2,0.196
753,40,40,100,65,1500,1500,0.01,0.1719,3,0.182
754,40,40,100,65,1500,1500,0.012,0.171,1,0.189
755,40,40,100,65,1500,1500,0.012,0.171,2,0.176
756,40,40,100,65,1500,1500,0.012,0.171,3,0.189
757,40,40,100,65,1500,1500,0.014,0.1704,1,0.192
758,40,40,100,65,1500,1500,0.014,0.1704,2,0.189
759,40,40,100,65,1500,1500,0.014,0.1704,3,0.184
760,40,40,100,65,1500,1500,0.016,0.1702,1,0.223
761,40,40,100,65,1500,1500,0.016,0.1702,2,0.22
762,40,40,100,65,1500,1500,0.016,0.1702,3,0.239
763,40,40,100,65,1500,1500,0.018000000000000002,0.0,1,1000
764,40,40,100,80,500,500,0.002,0.0,1,1000
765,40,40,100,80,1000,1000,0.002,0.0,1,1000
766,40,40,100,80,1500,1500,0.002,0.1908,1,0.177
767,40,40,100,80,1500,1500,0.002,0.1908,2,0.223
768,40,40,100,80,1500,1500,0.004,0.1824,1,0.199
769,40,40,100,80,1500,1500,0.004,0.1824,2,0.192
770,40,40,100,80,1500,1500,0.004,0.1824,3,0.2
771,40,40,100,80,1500,1500,0.006,0.1746,1,0.179
772,40,40,100,80,1500,1500,0.006,0.1746,2,0.179
773,40,40,100,80,1500,1500,0.006,0.1746,3,0.198
774,40,40,100,80,1500,1500,0.008,0.1718,1,0.199
775,40,40,100,80,1500,1500,0.008,0.1718,2,0.211
776,40,40,100,80,1500,1500,0.008,0.1718,3,0.237
777,40,40,100,80,1500,1500,0.01,0.0,1,1000
778,40,40,100,95,500,500,0.002,0.0,1,1000
779,40,40,100,95,1000,1000,0.001,0.0,1,1000
780,40,40,100,95,1500,1500,0.002,0.0,1,0.186
781,40,40,100,95,1500,1500,0.002,0.0,2,0.178
782,40,40,100,95,1500,1500,0.002,0.0,3,0.225
783,40,40,100,95,1500,1500,0.004,0.0,1,0.191
784,40,40,100,95,1500,1500,0.004,0.0,2,0.176
785,40,40,100,95,1500,1500,0.004,0.0,3,0.177
786,40,40,100,95,1500,1500,0.006,0.0,1,0.25
787,40,40,100,95,1500,1500,0.006,0.0,2,0.193
788,40,40,100,95,1500,1500,0.006,0.0,3,0.24
789,40,40,100,95,1500,1500,0.007,0.0,1,1000
