,ta,ts,speed,SLPKP,SLPKI,SLVKP,SLVKI,simul_settling_time,trial_no,settling_time,inposstability
0,40,40,100,10.0,0,70,400,,1,0.279,0.2909
1,40,40,100,10.0,0,70,400,,2,0.203,0.2729
2,40,40,100,10.0,0,70,400,,3,0.281,0.2596
3,40,40,100,20.0,0,70,400,,1,0.227,0.284
4,40,40,100,30.0,0,70,400,,1,0.199,0.2538
5,40,40,100,40.0,0,70,400,,1,0.187,0.2689
6,40,40,100,50.0,0,50,300,,1,0.191,0.2496
7,40,40,100,50.0,0,50,400,,1,0.191,0.2626
8,40,40,100,50.0,0,50,500,,1,0.192,0.2573
9,40,40,100,50.0,0,50,600,,1,0.192,0.2656
10,40,40,100,50.0,0,50,300,,2,0.191,0.2891
11,40,40,100,50.0,0,50,600,,2,0.191,0.2962
12,40,40,100,50.0,0,50,300,,3,0.19,0.2997
13,40,40,100,50.0,0,50,600,,3,0.19,0.2752
14,40,40,100,50.0,0,50,600,,4,0.191,0.2772
15,40,40,100,50.0,0,50,900,,1,0.191,0.2811
16,40,40,100,50.0,0,50,600,,5,0.19,0.252
17,40,40,100,50.0,0,50,900,,2,0.191,0.2647
18,40,40,100,50.0,0,50,600,,6,0.191,0.2701
19,40,40,100,50.0,0,50,900,,3,0.19,0.2931
20,40,40,100,50.0,0,70,400,,1,0.175,0.2706
21,40,40,100,50.0,0,70,300,,1,0.175,0.2863
22,40,40,100,50.0,0,70,400,,2,0.174,0.2852
23,40,40,100,50.0,0,70,500,,1,0.175,0.2731
24,40,40,100,50.0,0,70,600,,1,0.175,0.2685
25,40,40,100,50.0,0,70,300,,2,0.174,0.2699
26,40,40,100,50.0,0,70,600,,2,0.173,0.2873
27,40,40,100,50.0,0,70,300,,3,0.173,0.3264
28,40,40,100,50.0,0,70,600,,3,0.174,0.2886
29,40,40,100,50.0,0,70,600,,4,0.174,0.292
30,40,40,100,50.0,0,70,900,,1,0.174,0.2823
31,40,40,100,50.0,0,70,600,,5,0.173,0.261
32,40,40,100,50.0,0,70,900,,2,0.174,0.2644
33,40,40,100,50.0,0,70,600,,6,0.173,0.2862
34,40,40,100,50.0,0,70,900,,3,0.173,0.3611
35,40,40,100,50.0,0,90,300,,1,0.174,0.2547
36,40,40,100,50.0,0,90,400,,1,0.173,0.2591
37,40,40,100,50.0,0,90,500,,1,0.174,0.2699
38,40,40,100,50.0,0,90,600,,1,0.173,0.2677
39,40,40,100,50.0,0,90,300,,2,0.172,0.2718
40,40,40,100,50.0,0,90,300,,3,0.172,0.3484
41,40,40,100,50.0,0,90,600,,2,0.172,0.2704
42,40,40,100,50.0,0,90,600,,3,0.173,0.285
43,40,40,100,50.0,0,90,900,,1,0.174,0.2948
44,40,40,100,50.0,0,90,600,,4,0.173,0.2738
45,40,40,100,50.0,0,90,900,,2,0.173,0.288
46,40,40,100,50.0,0,90,600,,5,0.172,0.2826
47,40,40,100,50.0,0,90,900,,3,0.172,0.2898
48,40,40,100,50.0,0,110,300,,1,0.173,0.2848
49,40,40,100,50.0,0,110,400,,1,0.173,0.2807
50,40,40,100,50.0,0,110,500,,1,0.173,0.2687
51,40,40,100,50.0,0,110,600,,1,0.173,0.3025
52,40,40,100,50.0,0,110,300,,2,0.172,0.2978
53,40,40,100,50.0,0,110,600,,2,0.172,0.3155
54,40,40,100,50.0,0,110,300,,3,0.172,0.2841
55,40,40,100,50.0,0,110,600,,3,0.172,0.2929
56,40,40,100,50.0,0,110,900,,1,0.172,0.2985
57,40,40,100,50.0,0,110,600,,4,0.172,0.3105
58,40,40,100,50.0,0,110,900,,2,0.172,0.3029
59,40,40,100,50.0,0,110,900,,3,0.172,0.3247
60,40,40,100,50.0,0,130,600,,1,0.173,0.2923
61,40,40,100,50.0,0,130,900,,1,0.172,0.3113
62,40,40,100,50.0,0,130,600,,2,0.172,0.3432
63,40,40,100,50.0,0,130,900,,2,0.172,0.2919
64,40,40,100,50.0,0,130,600,,3,0.172,0.3536
65,40,40,100,50.0,0,130,900,,3,0.172,0.3493
66,40,40,100,60.0,0,70,400,,1,0.173,0.2512
67,40,40,100,70.0,0,50,300,,1,0.174,0.2668
68,40,40,100,70.0,0,50,400,,1,0.175,0.2571
69,40,40,100,70.0,0,50,500,,1,0.174,0.2556
70,40,40,100,70.0,0,50,600,,1,0.174,0.2653
71,40,40,100,70.0,0,50,300,,2,0.173,0.291
72,40,40,100,70.0,0,50,600,,2,0.174,0.2845
73,40,40,100,70.0,0,50,300,,3,0.173,0.295
74,40,40,100,70.0,0,50,600,,3,0.173,0.2935
75,40,40,100,70.0,0,50,600,,4,0.173,0.2988
76,40,40,100,70.0,0,50,900,,1,0.173,0.2713
77,40,40,100,70.0,0,50,600,,5,0.173,0.266
78,40,40,100,70.0,0,50,900,,2,0.173,0.2745
79,40,40,100,70.0,0,50,600,,6,0.173,0.3161
80,40,40,100,70.0,0,50,900,,3,0.174,0.3258
81,40,40,100,70.0,0,70,400,,1,0.172,0.2689
82,40,40,100,70.0,0,70,300,,1,0.173,0.2665
83,40,40,100,70.0,0,70,400,,2,0.172,0.2672
84,40,40,100,70.0,0,70,500,,1,0.173,0.2601
85,40,40,100,70.0,0,70,600,,1,0.173,0.2596
86,40,40,100,70.0,0,70,300,,2,0.172,0.2932
87,40,40,100,70.0,0,70,600,,2,0.172,0.2939
88,40,40,100,70.0,0,70,300,,3,0.172,0.2864
89,40,40,100,70.0,0,70,600,,3,0.172,0.2663
90,40,40,100,70.0,0,70,900,,1,0.172,0.2866
91,40,40,100,70.0,0,70,600,,4,0.172,0.277
92,40,40,100,70.0,0,70,900,,2,0.172,0.2998
93,40,40,100,70.0,0,70,600,,5,0.172,0.2793
94,40,40,100,70.0,0,70,900,,3,0.172,0.3191
95,40,40,100,70.0,0,90,300,,1,0.173,0.2971
96,40,40,100,70.0,0,90,400,,1,0.173,0.2846
97,40,40,100,70.0,0,90,500,,1,0.173,0.2816
98,40,40,100,70.0,0,90,600,,1,0.172,0.2853
99,40,40,100,70.0,0,90,300,,2,0.173,0.3101
100,40,40,100,70.0,0,90,600,,2,0.172,0.3001
101,40,40,100,70.0,0,90,300,,3,0.172,0.3271
102,40,40,100,70.0,0,90,600,,3,0.172,0.3208
103,40,40,100,70.0,0,90,600,,4,0.173,0.3035
104,40,40,100,70.0,0,90,900,,1,0.172,0.2822
105,40,40,100,70.0,0,90,600,,5,0.172,0.2745
106,40,40,100,70.0,0,90,900,,2,0.172,0.2858
107,40,40,100,70.0,0,90,600,,6,0.172,0.3284
108,40,40,100,70.0,0,90,900,,3,0.172,0.3224
109,40,40,100,70.0,0,110,300,,1,0.173,0.2879
110,40,40,100,70.0,0,110,400,,1,0.173,0.299
111,40,40,100,70.0,0,110,500,,1,0.172,0.28
112,40,40,100,70.0,0,110,600,,1,0.173,0.3107
113,40,40,100,70.0,0,110,300,,2,0.172,0.2839
114,40,40,100,70.0,0,110,600,,2,0.172,0.2897
115,40,40,100,70.0,0,110,300,,3,0.173,0.3115
116,40,40,100,70.0,0,110,600,,3,0.172,0.3103
117,40,40,100,70.0,0,110,900,,1,0.172,0.2593
118,40,40,100,70.0,0,110,600,,4,0.172,0.2708
119,40,40,100,70.0,0,110,900,,2,0.172,0.2765
120,40,40,100,70.0,0,110,600,,5,0.172,0.3064
121,40,40,100,70.0,0,110,900,,3,0.172,0.3445
122,40,40,100,70.0,0,130,300,,1,0.174,0.3067
123,40,40,100,70.0,0,130,300,,2,0.174,0.2854
124,40,40,100,70.0,0,130,600,,1,0.172,0.2721
125,40,40,100,70.0,0,130,600,,2,0.172,0.2718
126,40,40,100,70.0,0,130,900,,1,0.173,0.2659
127,40,40,100,70.0,0,130,600,,3,0.172,0.2842
128,40,40,100,70.0,0,130,900,,2,0.172,0.2857
129,40,40,100,70.0,0,130,600,,4,0.172,0.3062
130,40,40,100,70.0,0,130,900,,3,0.173,0.3172
131,40,40,100,70.0,0,150,300,,1,0.172,0.3359
132,40,40,100,70.0,0,150,600,,1,0.173,0.3422
133,40,40,100,70.0,0,150,300,,2,0.172,0.3059
134,40,40,100,70.0,0,150,600,,2,0.172,0.3037
135,40,40,100,70.0,0,170,300,,1,0.172,0.3309
136,40,40,100,70.0,0,170,600,,1,0.172,0.3797
137,40,40,100,70.0,0,170,300,,2,0.173,0.3297
138,40,40,100,70.0,0,170,600,,2,0.173,0.3436
139,40,40,100,78.54,0,10,400,,1,0.303,0.2858
140,40,40,100,78.54,0,10,400,,2,0.297,0.2592
141,40,40,100,78.54,0,10,400,,3,0.299,0.2596
142,40,40,100,78.54,0,20,400,,1,0.202,0.2862
143,40,40,100,78.54,0,20,400,,2,0.201,0.2574
144,40,40,100,78.54,0,20,400,,3,0.2,0.2541
145,40,40,100,78.54,0,30,400,,1,0.191,0.264
146,40,40,100,78.54,0,30,400,,2,0.19,0.2554
147,40,40,100,78.54,0,30,400,,3,0.191,0.2611
148,40,40,100,78.54,0,40,400,,1,0.182,0.2773
149,40,40,100,78.54,0,40,400,,2,0.181,0.2605
150,40,40,100,78.54,0,40,400,,3,0.181,0.2556
151,40,40,100,78.54,0,50,400,,1,0.173,0.2515
152,40,40,100,78.54,0,50,400,,2,0.173,0.2598
153,40,40,100,78.54,0,50,400,,3,0.173,0.2634
154,40,40,100,78.54,0,60,400,,1,0.172,0.2697
155,40,40,100,78.54,0,60,400,,2,0.173,0.249
156,40,40,100,78.54,0,60,400,,3,0.173,0.2549
157,40,40,100,78.54,0,70,0,,1,0.172,0.2799
158,40,40,100,78.54,0,70,100,,1,0.172,0.2778
159,40,40,100,78.54,0,70,200,,1,0.173,0.2904
160,40,40,100,78.54,0,70,300,,1,0.173,0.2776
161,40,40,100,78.54,0,70,400,,1,0.172,0.291
162,40,40,100,78.54,0,70,500,,1,0.172,0.29
163,40,40,100,78.54,0,70,600,,1,0.173,0.2852
164,40,40,100,78.54,0,70,700,,1,0.172,0.2784
165,40,40,100,78.54,0,70,800,,1,0.173,0.286
166,40,40,100,78.54,0,70,900,,1,0.173,0.2895
167,40,40,100,78.54,0,70,1000,,1,0.173,0.2824
168,40,40,100,78.54,0,70,1100,,1,0.173,0.3019
169,40,40,100,78.54,0,70,1200,,1,0.174,0.2885
170,40,40,100,78.54,0,70,1300,,1,0.173,0.2719
171,40,40,100,78.54,0,70,1400,,1,0.173,0.2858
172,40,40,100,78.54,0,70,1500,,1,0.173,0.2759
173,40,40,100,78.54,0,70,1600,,1,0.173,0.2835
174,40,40,100,78.54,0,70,1700,,1,0.173,0.2835
175,40,40,100,78.54,0,70,1800,,1,0.172,0.2886
176,40,40,100,78.54,0,70,1900,,1,0.173,0.2848
177,40,40,100,78.54,0,70,2000,,1,0.173,0.3059
178,40,40,100,78.54,0,70,400,,2,0.172,0.2773
179,40,40,100,78.54,0,70,400,,3,0.174,0.2494
180,40,40,100,78.54,0,70,0,,2,0.173,0.2651
181,40,40,100,78.54,0,70,100,,2,0.173,0.26
182,40,40,100,78.54,0,70,200,,2,0.173,0.2548
183,40,40,100,78.54,0,70,300,,2,0.173,0.2558
184,40,40,100,78.54,0,70,400,,4,0.173,0.2595
185,40,40,100,78.54,0,70,500,,2,0.172,0.2738
186,40,40,100,78.54,0,70,600,,2,0.172,0.2651
187,40,40,100,78.54,0,70,700,,2,0.172,0.2674
188,40,40,100,78.54,0,70,800,,2,0.172,0.249
189,40,40,100,78.54,0,70,900,,2,0.174,0.2578
190,40,40,100,78.54,0,70,1000,,2,0.173,0.2553
191,40,40,100,78.54,0,70,1100,,2,0.174,0.2503
192,40,40,100,78.54,0,70,1200,,2,0.173,0.2546
193,40,40,100,78.54,0,70,1300,,2,0.173,0.2535
194,40,40,100,78.54,0,70,1400,,2,0.173,0.2486
195,40,40,100,78.54,0,70,1500,,2,0.173,0.2527
196,40,40,100,78.54,0,70,1600,,2,0.172,0.2515
197,40,40,100,78.54,0,70,1700,,2,0.172,0.2514
198,40,40,100,78.54,0,70,1800,,2,0.173,0.2619
199,40,40,100,78.54,0,70,1900,,2,0.173,0.2717
200,40,40,100,78.54,0,70,2000,,2,0.173,0.259
201,40,40,100,78.54,0,70,400,,5,0.173,0.3073
202,40,40,100,78.54,0,70,0,,3,0.173,0.2603
203,40,40,100,78.54,0,70,100,,3,0.173,0.2705
204,40,40,100,78.54,0,70,200,,3,0.172,0.2787
205,40,40,100,78.54,0,70,400,,6,0.174,0.2908
206,40,40,100,78.54,0,70,500,,3,0.173,0.2709
207,40,40,100,78.54,0,70,600,,3,0.172,0.2832
208,40,40,100,78.54,0,70,700,,3,0.173,0.2733
209,40,40,100,78.54,0,70,800,,3,0.172,0.2671
210,40,40,100,78.54,0,70,900,,3,0.173,0.2709
211,40,40,100,78.54,0,70,1000,,3,0.173,0.2679
212,40,40,100,78.54,0,70,1100,,3,0.172,0.2785
213,40,40,100,78.54,0,70,1200,,3,0.173,0.2659
214,40,40,100,78.54,0,70,1300,,3,0.173,0.2701
215,40,40,100,78.54,0,70,1400,,3,0.174,0.2741
216,40,40,100,78.54,0,70,1500,,3,0.173,0.2652
217,40,40,100,78.54,0,70,1600,,3,0.173,0.2699
218,40,40,100,78.54,0,70,1700,,3,0.173,0.286
219,40,40,100,78.54,0,70,1800,,3,0.173,0.2941
220,40,40,100,78.54,0,70,1900,,3,0.172,0.2962
221,40,40,100,78.54,0,70,2000,,3,0.173,0.2658
222,40,40,100,78.54,0,80,400,,1,0.173,0.2814
223,40,40,100,78.54,0,80,400,,2,0.173,0.285
224,40,40,100,78.54,0,80,400,,3,0.172,0.322
225,40,40,100,78.54,0,90,400,,1,0.173,0.2686
226,40,40,100,78.54,0,90,400,,2,0.172,0.2955
227,40,40,100,78.54,0,90,400,,3,0.173,0.3155
228,40,40,100,78.54,0,100,400,,1,0.172,0.2661
229,40,40,100,78.54,0,100,400,,2,0.172,0.3096
230,40,40,100,78.54,0,100,400,,3,0.174,0.2881
231,40,40,100,78.54,0,110,400,,1,0.173,0.2703
232,40,40,100,78.54,0,110,400,,2,0.173,0.2895
233,40,40,100,78.54,0,110,400,,3,0.173,0.2842
234,40,40,100,78.54,0,120,400,,1,0.173,0.2677
235,40,40,100,78.54,0,120,400,,2,0.173,0.2926
236,40,40,100,78.54,0,120,400,,3,0.174,0.277
237,40,40,100,78.54,0,130,400,,1,0.173,0.2863
238,40,40,100,78.54,0,130,400,,2,0.173,0.2824
239,40,40,100,78.54,0,130,400,,3,0.173,0.2953
240,40,40,100,78.54,0,140,400,,1,0.173,0.2813
241,40,40,100,78.54,0,140,400,,2,0.173,0.2923
242,40,40,100,78.54,0,140,400,,3,0.173,0.299
243,40,40,100,78.54,0,150,400,,1,0.173,0.3277
244,40,40,100,78.54,0,150,400,,2,0.173,0.2866
245,40,40,100,78.54,0,150,400,,3,0.173,0.3186
246,40,40,100,78.54,0,160,400,,1,0.173,0.3475
247,40,40,100,78.54,0,160,400,,2,0.173,0.286
248,40,40,100,78.54,0,160,400,,3,0.172,0.3272
249,40,40,100,78.54,0,170,400,,1,0.172,0.3639
250,40,40,100,78.54,0,170,400,,2,0.173,0.2776
251,40,40,100,78.54,0,170,400,,3,0.173,0.3358
252,40,40,100,80.0,0,70,400,,1,0.173,0.2606
253,40,40,100,90.0,0,50,300,,1,0.174,0.2555
254,40,40,100,90.0,0,50,400,,1,0.172,0.2563
255,40,40,100,90.0,0,50,500,,1,0.173,0.2566
256,40,40,100,90.0,0,50,600,,1,0.173,0.2508
257,40,40,100,90.0,0,50,300,,2,0.172,0.2759
258,40,40,100,90.0,0,50,300,,3,0.172,0.3078
259,40,40,100,90.0,0,50,600,,2,0.172,0.2799
260,40,40,100,90.0,0,50,600,,3,0.173,0.2725
261,40,40,100,90.0,0,50,900,,1,0.172,0.2823
262,40,40,100,90.0,0,50,600,,4,0.172,0.2618
263,40,40,100,90.0,0,50,900,,2,0.172,0.2928
264,40,40,100,90.0,0,50,600,,5,0.172,0.2779
265,40,40,100,90.0,0,50,900,,3,0.173,0.2991
266,40,40,100,90.0,0,70,400,,1,0.173,0.2709
267,40,40,100,90.0,0,70,300,,1,0.172,0.2787
268,40,40,100,90.0,0,70,400,,2,0.172,0.2787
269,40,40,100,90.0,0,70,500,,1,0.173,0.289
270,40,40,100,90.0,0,70,600,,1,0.173,0.276
271,40,40,100,90.0,0,70,300,,2,0.172,0.2708
272,40,40,100,90.0,0,70,600,,2,0.172,0.2794
273,40,40,100,90.0,0,70,600,,3,0.172,0.2833
274,40,40,100,90.0,0,70,900,,1,0.172,0.2775
275,40,40,100,90.0,0,70,600,,4,0.172,0.2565
276,40,40,100,90.0,0,70,900,,2,0.172,0.2871
277,40,40,100,90.0,0,70,600,,5,0.172,0.2982
278,40,40,100,90.0,0,70,900,,3,0.173,0.3057
279,40,40,100,90.0,0,90,300,,1,0.173,0.2715
280,40,40,100,90.0,0,90,400,,1,0.181,0.2798
281,40,40,100,90.0,0,90,500,,1,0.173,0.2751
282,40,40,100,90.0,0,90,600,,1,0.173,0.2775
283,40,40,100,90.0,0,90,300,,2,0.173,0.2805
284,40,40,100,90.0,0,90,600,,2,0.173,0.2669
285,40,40,100,90.0,0,90,300,,3,0.172,0.263
286,40,40,100,90.0,0,90,600,,3,0.172,0.277
287,40,40,100,90.0,0,90,600,,4,0.172,0.2794
288,40,40,100,90.0,0,90,900,,1,0.172,0.2573
289,40,40,100,90.0,0,90,600,,5,0.172,0.2587
290,40,40,100,90.0,0,90,900,,2,0.172,0.2537
291,40,40,100,90.0,0,90,600,,6,0.173,0.2906
292,40,40,100,90.0,0,90,900,,3,0.172,0.2931
293,40,40,100,90.0,0,110,300,,1,0.174,0.2537
294,40,40,100,90.0,0,110,400,,1,0.173,0.2744
295,40,40,100,90.0,0,110,500,,1,0.174,0.2575
296,40,40,100,90.0,0,110,600,,1,0.172,0.2734
297,40,40,100,90.0,0,110,300,,2,0.173,0.4191
298,40,40,100,90.0,0,110,600,,2,0.173,0.2826
299,40,40,100,90.0,0,110,300,,3,0.172,0.2672
300,40,40,100,90.0,0,110,600,,3,0.172,0.2785
301,40,40,100,90.0,0,110,600,,4,0.172,0.2719
302,40,40,100,90.0,0,110,900,,1,0.172,0.2763
303,40,40,100,90.0,0,110,600,,5,0.172,0.2873
304,40,40,100,90.0,0,110,900,,2,0.172,0.2846
305,40,40,100,90.0,0,110,600,,6,0.172,0.2891
306,40,40,100,90.0,0,110,900,,3,0.172,0.3056
307,40,40,100,90.0,0,130,300,,1,0.172,0.353
308,40,40,100,90.0,0,130,600,,1,0.173,0.3411
309,40,40,100,90.0,0,130,300,,2,0.172,0.3099
310,40,40,100,90.0,0,130,600,,2,0.172,0.2957
311,40,40,100,90.0,0,130,600,,3,0.172,0.303
312,40,40,100,90.0,0,130,900,,1,0.172,0.3035
313,40,40,100,90.0,0,130,600,,4,0.172,0.3178
314,40,40,100,90.0,0,130,900,,2,0.172,0.3367
315,40,40,100,90.0,0,130,600,,5,0.172,0.3399
316,40,40,100,90.0,0,130,900,,3,0.172,0.3079
317,40,40,100,90.0,0,150,300,,1,0.172,0.3442
318,40,40,100,90.0,0,150,600,,1,0.172,0.3474
319,40,40,100,90.0,0,150,300,,2,0.172,0.3175
320,40,40,100,90.0,0,150,600,,2,0.173,0.3405
321,40,40,100,90.0,0,170,300,,1,0.172,0.3056
322,40,40,100,90.0,0,170,600,,1,0.173,0.3291
323,40,40,100,90.0,0,170,300,,2,0.172,0.3087
324,40,40,100,90.0,0,170,600,,2,0.174,0.3153
325,40,40,100,100.0,0,70,400,,1,0.173,0.2621
326,40,40,100,110.0,0,50,300,,1,0.172,0.2608
327,40,40,100,110.0,0,50,400,,1,0.174,0.2754
328,40,40,100,110.0,0,50,500,,1,0.173,0.2663
329,40,40,100,110.0,0,50,600,,1,0.173,0.2676
330,40,40,100,110.0,0,50,600,,2,0.172,0.2667
331,40,40,100,110.0,0,50,600,,3,0.173,0.2936
332,40,40,100,110.0,0,50,300,,2,0.173,0.263
333,40,40,100,110.0,0,50,600,,4,0.172,0.2627
334,40,40,100,110.0,0,50,300,,3,0.173,0.2692
335,40,40,100,110.0,0,50,600,,5,0.172,0.2715
336,40,40,100,110.0,0,50,300,,4,0.173,0.267
337,40,40,100,110.0,0,50,600,,6,0.172,0.2549
338,40,40,100,110.0,0,50,600,,7,0.173,0.2824
339,40,40,100,110.0,0,50,900,,1,0.172,0.2754
340,40,40,100,110.0,0,50,600,,8,0.172,0.2724
341,40,40,100,110.0,0,50,900,,2,0.172,0.2685
342,40,40,100,110.0,0,50,600,,9,0.172,0.2925
343,40,40,100,110.0,0,70,400,,1,0.172,0.2807
344,40,40,100,110.0,0,70,300,,1,0.173,0.2696
345,40,40,100,110.0,0,70,400,,2,0.172,0.2598
346,40,40,100,110.0,0,70,500,,1,0.173,0.2543
347,40,40,100,110.0,0,70,600,,1,0.173,0.2586
348,40,40,100,110.0,0,70,400,,3,0.173,0.2561
349,40,40,100,110.0,0,70,400,,4,0.173,0.2514
350,40,40,100,110.0,0,70,300,,2,0.173,0.2824
351,40,40,100,110.0,0,70,600,,2,0.172,0.2655
352,40,40,100,110.0,0,70,300,,3,0.173,0.3172
353,40,40,100,110.0,0,70,600,,3,0.172,0.2736
354,40,40,100,110.0,0,70,600,,4,0.173,0.2719
355,40,40,100,110.0,0,70,300,,4,0.173,0.2814
356,40,40,100,110.0,0,70,600,,5,0.172,0.2807
357,40,40,100,110.0,0,70,300,,5,0.172,0.272
358,40,40,100,110.0,0,70,600,,6,0.172,0.265
359,40,40,100,110.0,0,70,600,,7,0.172,0.2591
360,40,40,100,110.0,0,70,900,,1,0.172,0.2716
361,40,40,100,110.0,0,70,600,,8,0.172,0.2494
362,40,40,100,110.0,0,70,900,,2,0.172,0.265
363,40,40,100,110.0,0,70,600,,9,0.172,0.2901
364,40,40,100,110.0,0,70,900,,3,0.172,0.2726
365,40,40,100,110.0,0,90,300,,1,0.172,0.2546
366,40,40,100,110.0,0,90,400,,1,0.172,0.2611
367,40,40,100,110.0,0,90,500,,1,0.173,0.2477
368,40,40,100,110.0,0,90,600,,1,0.173,0.2567
369,40,40,100,110.0,0,90,600,,2,0.172,0.2859
370,40,40,100,110.0,0,90,300,,2,0.173,0.3052
371,40,40,100,110.0,0,90,600,,3,0.172,0.2617
372,40,40,100,110.0,0,90,300,,3,0.172,0.2802
373,40,40,100,110.0,0,90,300,,4,0.172,0.3063
374,40,40,100,110.0,0,90,600,,4,0.172,0.2865
375,40,40,100,110.0,0,90,300,,5,0.172,0.2912
376,40,40,100,110.0,0,90,600,,5,0.172,0.2793
377,40,40,100,110.0,0,90,600,,6,0.172,0.2935
378,40,40,100,110.0,0,90,900,,1,0.172,0.2931
379,40,40,100,110.0,0,90,600,,7,0.172,0.2828
380,40,40,100,110.0,0,90,900,,2,0.172,0.3041
381,40,40,100,110.0,0,90,600,,8,0.172,0.2801
382,40,40,100,110.0,0,90,900,,3,0.173,0.2879
383,40,40,100,110.0,0,110,300,,1,0.172,0.2723
384,40,40,100,110.0,0,110,400,,1,0.173,0.2639
385,40,40,100,110.0,0,110,500,,1,0.172,0.3131
386,40,40,100,110.0,0,110,300,,2,0.173,0.2856
387,40,40,100,110.0,0,110,600,,1,0.172,0.2874
388,40,40,100,110.0,0,110,300,,3,0.173,0.2989
389,40,40,100,110.0,0,110,600,,2,0.172,0.2876
390,40,40,100,110.0,0,110,600,,3,0.172,0.2824
391,40,40,100,110.0,0,110,300,,4,0.174,0.2895
392,40,40,100,110.0,0,110,600,,4,0.173,0.2846
393,40,40,100,110.0,0,110,300,,5,0.172,0.313
394,40,40,100,110.0,0,110,600,,5,0.172,0.2918
395,40,40,100,110.0,0,110,300,,6,0.172,0.2988
396,40,40,100,110.0,0,110,600,,7,0.172,0.2868
397,40,40,100,110.0,0,110,300,,7,0.172,0.2885
398,40,40,100,110.0,0,110,900,,1,0.172,0.2898
399,40,40,100,110.0,0,110,900,,2,0.172,0.3211
400,40,40,100,110.0,0,110,900,,3,0.172,0.3332
401,40,40,100,110.0,0,130,300,,1,0.172,0.3111
402,40,40,100,110.0,0,130,300,,2,0.172,0.3088
403,40,40,100,110.0,0,130,600,,1,0.172,0.2893
404,40,40,100,110.0,0,130,600,,2,0.172,0.3096
405,40,40,100,110.0,0,130,300,,3,0.172,0.3319
406,40,40,100,110.0,0,130,600,,3,0.172,0.3143
407,40,40,100,110.0,0,130,600,,4,0.172,0.2996
408,40,40,100,110.0,0,130,900,,1,0.173,0.3048
409,40,40,100,110.0,0,130,900,,2,0.172,0.3146
410,40,40,100,110.0,0,150,300,,1,0.172,0.3289
411,40,40,100,110.0,0,150,600,,1,0.172,0.3229
412,40,40,100,110.0,0,150,300,,2,0.172,0.3204
413,40,40,100,110.0,0,150,600,,2,0.172,0.3152
414,40,40,100,110.0,0,170,300,,1,0.174,0.3208
415,40,40,100,110.0,0,170,600,,1,0.173,0.3734
416,40,40,100,110.0,0,170,300,,2,0.174,0.3013
417,40,40,100,110.0,0,170,600,,2,0.173,0.2966
418,40,40,100,130.0,0,50,300,,1,0.172,0.3011
419,40,40,100,130.0,0,50,600,,1,0.172,0.2677
420,40,40,100,130.0,0,50,300,,2,0.172,0.2682
421,40,40,100,130.0,0,50,600,,2,0.172,0.2592
422,40,40,100,130.0,0,50,300,,3,0.172,0.2496
423,40,40,100,130.0,0,50,600,,3,0.172,0.2502
424,40,40,100,130.0,0,50,600,,4,0.172,0.2592
425,40,40,100,130.0,0,50,900,,1,0.172,0.2627
426,40,40,100,130.0,0,50,600,,5,0.172,0.2525
427,40,40,100,130.0,0,50,900,,2,0.172,0.255
428,40,40,100,130.0,0,50,600,,6,0.173,0.2854
429,40,40,100,130.0,0,50,900,,3,0.172,0.2789
430,40,40,100,130.0,0,70,300,,1,0.172,0.3214
431,40,40,100,130.0,0,70,300,,2,0.172,0.2847
432,40,40,100,130.0,0,70,300,,3,0.173,0.2766
433,40,40,100,130.0,0,70,600,,1,0.172,0.3014
434,40,40,100,130.0,0,70,600,,2,0.172,0.2916
435,40,40,100,130.0,0,70,900,,1,0.172,0.2823
436,40,40,100,130.0,0,70,600,,3,0.172,0.2782
437,40,40,100,130.0,0,70,900,,2,0.172,0.2744
438,40,40,100,130.0,0,70,600,,4,0.172,0.305
439,40,40,100,130.0,0,70,900,,3,0.172,0.2775
440,40,40,100,130.0,0,90,300,,1,0.173,0.2725
441,40,40,100,130.0,0,90,600,,1,0.172,0.2894
442,40,40,100,130.0,0,90,300,,2,0.172,0.3063
443,40,40,100,130.0,0,90,600,,2,0.173,0.2788
444,40,40,100,130.0,0,90,300,,3,0.172,0.2796
445,40,40,100,130.0,0,90,600,,3,0.172,0.2738
446,40,40,100,130.0,0,90,600,,4,0.172,0.2812
447,40,40,100,130.0,0,90,900,,1,0.172,0.2939
448,40,40,100,130.0,0,90,600,,5,0.172,0.2754
449,40,40,100,130.0,0,90,900,,2,0.172,0.3108
450,40,40,100,130.0,0,90,900,,3,0.172,0.2909
451,40,40,100,130.0,0,110,300,,1,0.172,0.324
452,40,40,100,130.0,0,110,600,,1,0.172,0.3106
453,40,40,100,130.0,0,110,300,,2,0.172,0.3289
454,40,40,100,130.0,0,110,600,,2,0.172,0.2939
455,40,40,100,130.0,0,110,300,,3,0.172,0.2817
456,40,40,100,130.0,0,110,300,,4,0.173,0.2764
457,40,40,100,130.0,0,110,300,,5,0.172,0.28
458,40,40,100,130.0,0,110,600,,3,0.172,0.2877
459,40,40,100,130.0,0,110,300,,6,0.172,0.2965
460,40,40,100,130.0,0,110,600,,4,0.173,0.2958
461,40,40,100,130.0,0,110,600,,5,0.172,0.317
462,40,40,100,130.0,0,110,900,,1,0.172,0.2947
463,40,40,100,130.0,0,110,600,,6,0.172,0.3161
464,40,40,100,130.0,0,110,900,,2,0.172,0.3428
465,40,40,100,130.0,0,110,600,,7,0.172,0.3183
466,40,40,100,130.0,0,110,900,,3,0.173,0.3603
467,40,40,100,130.0,0,130,300,,1,0.173,0.4857
468,40,40,100,130.0,0,130,300,,2,0.173,0.3131
469,40,40,100,130.0,0,130,600,,1,0.172,0.3502
470,40,40,100,130.0,0,130,300,,3,0.173,0.3274
471,40,40,100,130.0,0,130,600,,2,0.173,0.3737
472,40,40,100,130.0,0,130,900,,1,0.172,0.3006
473,40,40,100,130.0,0,130,900,,2,0.172,0.3191
474,40,40,100,130.0,0,130,600,,3,0.172,0.3845
475,40,40,100,130.0,0,130,900,,3,0.172,0.3473
476,40,40,100,150.0,0,50,300,,1,0.172,0.3042
477,40,40,100,150.0,0,50,300,,2,0.172,0.2808
478,40,40,100,150.0,0,50,600,,1,0.172,0.2724
479,40,40,100,150.0,0,50,300,,3,0.172,0.2628
480,40,40,100,150.0,0,50,600,,2,0.172,0.2652
481,40,40,100,150.0,0,50,600,,3,0.172,0.265
482,40,40,100,150.0,0,50,900,,1,0.173,0.2574
483,40,40,100,150.0,0,50,900,,2,0.172,0.2542
484,40,40,100,150.0,0,50,600,,4,0.172,0.281
485,40,40,100,150.0,0,50,300,,4,0.172,0.2648
486,40,40,100,150.0,0,50,600,,5,0.172,0.2769
487,40,40,100,150.0,0,50,900,,3,0.172,0.2723
488,40,40,100,150.0,0,50,600,,6,0.173,0.2891
489,40,40,100,150.0,0,50,900,,4,0.173,0.2566
490,40,40,100,150.0,0,70,300,,1,0.172,0.2724
491,40,40,100,150.0,0,70,600,,1,0.172,0.2722
492,40,40,100,150.0,0,70,300,,2,0.173,0.2959
493,40,40,100,150.0,0,70,600,,2,0.172,0.2957
494,40,40,100,150.0,0,70,300,,3,0.173,0.2739
495,40,40,100,150.0,0,70,600,,3,0.172,0.2919
496,40,40,100,150.0,0,70,600,,4,0.172,0.2856
497,40,40,100,150.0,0,70,900,,1,0.172,0.2853
498,40,40,100,150.0,0,70,600,,5,0.172,0.27
499,40,40,100,150.0,0,70,900,,2,0.172,0.277
500,40,40,100,150.0,0,70,900,,3,0.172,0.2868
501,40,40,100,150.0,0,70,900,,4,0.172,0.2708
502,40,40,100,150.0,0,70,300,,4,0.172,0.2899
503,40,40,100,150.0,0,70,900,,5,0.172,0.2915
504,40,40,100,150.0,0,70,300,,5,0.172,0.2826
505,40,40,100,150.0,0,70,600,,6,0.172,0.2984
506,40,40,100,150.0,0,70,900,,6,0.173,0.2873
507,40,40,100,150.0,0,90,300,,1,0.172,0.2712
508,40,40,100,150.0,0,90,600,,1,0.172,0.27
509,40,40,100,150.0,0,90,300,,2,0.172,0.2811
510,40,40,100,150.0,0,90,600,,2,0.173,0.2736
511,40,40,100,150.0,0,90,600,,3,0.172,0.301
512,40,40,100,150.0,0,90,900,,1,0.172,0.2907
513,40,40,100,150.0,0,90,600,,4,0.172,0.2857
514,40,40,100,150.0,0,90,900,,2,0.172,0.3184
515,40,40,100,150.0,0,90,900,,3,0.172,0.2988
516,40,40,100,150.0,0,90,300,,3,0.172,0.262
517,40,40,100,150.0,0,90,600,,5,0.172,0.273
518,40,40,100,150.0,0,90,300,,4,0.172,0.2868
519,40,40,100,150.0,0,90,600,,6,0.172,0.2959
520,40,40,100,150.0,0,90,600,,7,0.172,0.2919
521,40,40,100,150.0,0,110,600,,1,0.172,0.3193
522,40,40,100,150.0,0,110,600,,2,0.172,0.3143
523,40,40,100,150.0,0,110,300,,1,0.172,0.2868
524,40,40,100,150.0,0,110,600,,3,0.172,0.3034
525,40,40,100,150.0,0,110,300,,2,0.173,0.2716
526,40,40,100,150.0,0,110,300,,3,0.173,0.2608
527,40,40,100,150.0,0,110,300,,4,0.172,0.2721
528,40,40,100,150.0,0,110,600,,4,0.172,0.2816
529,40,40,100,150.0,0,110,600,,5,0.172,0.303
530,40,40,100,150.0,0,110,900,,1,0.173,0.286
531,40,40,100,150.0,0,110,600,,6,0.172,0.3134
532,40,40,100,150.0,0,110,900,,2,0.172,0.318
533,40,40,100,150.0,0,110,600,,7,0.172,0.3294
534,40,40,100,150.0,0,110,300,,5,0.172,0.2923
535,40,40,100,150.0,0,110,600,,8,0.172,0.2936
536,40,40,100,150.0,0,110,900,,3,0.172,0.2763
537,40,40,100,150.0,0,110,300,,6,0.173,0.3072
538,40,40,100,150.0,0,110,600,,9,0.172,0.2953
539,40,40,100,150.0,0,110,300,,7,0.173,0.2965
540,40,40,100,150.0,0,110,900,,4,0.172,0.3089
541,40,40,100,150.0,0,130,300,,1,0.173,0.471
542,40,40,100,150.0,0,130,300,,2,0.172,0.3519
543,40,40,100,150.0,0,130,600,,1,0.173,0.334
544,40,40,100,150.0,0,130,300,,3,0.173,0.3289
545,40,40,100,150.0,0,130,600,,2,0.172,0.2978
546,40,40,100,150.0,0,130,600,,3,0.172,0.3093
547,40,40,100,150.0,0,130,900,,1,0.172,0.3316
548,40,40,100,150.0,0,130,900,,2,0.173,0.3529
549,40,40,100,150.0,0,130,300,,4,0.173,0.2695
550,40,40,100,150.0,0,130,600,,4,0.173,0.2782
551,40,40,100,150.0,0,130,300,,5,0.173,0.2987
552,40,40,100,150.0,0,130,600,,5,0.173,0.2995
553,40,40,100,150.0,0,130,300,,6,0.172,0.307
554,40,40,100,150.0,0,130,600,,6,0.172,0.3146
555,40,40,100,150.0,0,130,900,,3,0.172,0.3407
556,40,40,100,200.0,0,50,300,,1,0.172,0.2812
557,40,40,100,200.0,0,50,600,,1,0.173,0.2599
558,40,40,100,200.0,0,50,900,,1,0.172,0.2544
559,40,40,100,200.0,0,50,300,,2,0.173,0.28
560,40,40,100,200.0,0,50,600,,2,0.172,0.2877
561,40,40,100,200.0,0,50,900,,2,0.172,0.2747
562,40,40,100,200.0,0,50,300,,3,0.172,0.2695
563,40,40,100,200.0,0,50,600,,3,0.172,0.2615
564,40,40,100,200.0,0,50,900,,3,0.172,0.2729
565,40,40,100,200.0,0,70,300,,1,0.173,0.2688
566,40,40,100,200.0,0,70,600,,1,0.172,0.2632
567,40,40,100,200.0,0,70,900,,1,0.172,0.2503
568,40,40,100,200.0,0,70,300,,2,0.173,0.3029
569,40,40,100,200.0,0,70,600,,2,0.172,0.281
570,40,40,100,200.0,0,70,900,,2,0.172,0.2789
571,40,40,100,200.0,0,70,300,,3,0.173,0.2862
572,40,40,100,200.0,0,70,600,,3,0.173,0.2827
573,40,40,100,200.0,0,70,900,,3,0.173,0.2758
574,40,40,100,200.0,0,90,300,,1,0.173,0.3069
575,40,40,100,200.0,0,90,600,,1,0.173,0.2728
576,40,40,100,200.0,0,90,900,,1,0.173,0.2874
577,40,40,100,200.0,0,90,300,,2,0.173,0.2886
578,40,40,100,200.0,0,90,600,,2,0.172,0.2758
579,40,40,100,200.0,0,90,900,,2,0.173,0.2879
580,40,40,100,200.0,0,90,300,,3,0.173,0.285
581,40,40,100,200.0,0,90,600,,3,0.172,0.2806
582,40,40,100,200.0,0,90,900,,3,0.173,0.3366
583,40,40,100,200.0,0,110,300,,1,0.173,0.2816
584,40,40,100,200.0,0,110,600,,1,0.173,0.2768
585,40,40,100,200.0,0,110,900,,1,0.173,0.2736
586,40,40,100,200.0,0,110,600,,2,0.173,0.3002
587,40,40,100,200.0,0,110,900,,2,0.173,0.2829
588,40,40,100,200.0,0,110,300,,2,0.173,0.3021
589,40,40,100,200.0,0,110,600,,3,0.173,0.3084
590,40,40,100,200.0,0,110,900,,3,0.173,0.2927
591,40,40,100,200.0,0,130,300,,1,0.172,0.2728
592,40,40,100,200.0,0,130,600,,1,0.174,0.2902
593,40,40,100,200.0,0,130,900,,1,0.173,0.2914
594,40,40,100,200.0,0,130,300,,2,0.173,0.2973
595,40,40,100,200.0,0,130,600,,2,0.173,0.2918
596,40,40,100,200.0,0,130,900,,2,0.173,0.2916
597,40,40,100,200.0,0,130,300,,3,0.173,0.2956
598,40,40,100,200.0,0,130,600,,3,0.173,0.2882
599,40,40,100,200.0,0,130,900,,3,0.173,0.3157
600,40,40,100,210.0,0,70,400,,1,0.172,0.2643
601,40,40,100,210.0,0,70,400,,2,0.173,0.2464
602,40,40,100,210.0,0,70,400,,3,0.172,0.2553
603,40,40,100,250.0,0,50,300,,1,0.172,0.2872
604,40,40,100,250.0,0,50,600,,1,0.172,0.2831
605,40,40,100,250.0,0,50,900,,1,0.172,0.252
606,40,40,100,250.0,0,50,300,,2,0.172,0.2724
607,40,40,100,250.0,0,50,600,,2,0.172,0.2757
608,40,40,100,250.0,0,50,900,,2,0.172,0.2647
609,40,40,100,250.0,0,50,300,,3,0.172,0.276
610,40,40,100,250.0,0,50,600,,3,0.172,0.2914
611,40,40,100,250.0,0,50,900,,3,0.172,0.2679
612,40,40,100,250.0,0,70,300,,1,0.173,0.2918
613,40,40,100,250.0,0,70,600,,1,0.172,0.2649
614,40,40,100,250.0,0,70,900,,1,0.172,0.2523
615,40,40,100,250.0,0,70,300,,2,0.174,0.2705
616,40,40,100,250.0,0,70,600,,2,0.174,0.2651
617,40,40,100,250.0,0,70,900,,2,0.173,0.2687
618,40,40,100,250.0,0,70,300,,3,0.173,0.2735
619,40,40,100,250.0,0,70,600,,3,0.173,0.2709
620,40,40,100,250.0,0,70,900,,3,0.172,0.2684
621,40,40,100,250.0,0,90,300,,1,0.173,0.3024
622,40,40,100,250.0,0,90,600,,1,0.173,0.2705
623,40,40,100,250.0,0,90,900,,1,0.173,0.2628
624,40,40,100,250.0,0,90,300,,2,0.172,0.273
625,40,40,100,250.0,0,90,600,,2,0.173,0.2592
626,40,40,100,250.0,0,90,900,,2,0.173,0.2698
627,40,40,100,250.0,0,90,300,,3,0.173,0.2698
628,40,40,100,250.0,0,90,600,,3,0.173,0.2655
629,40,40,100,250.0,0,90,900,,3,0.173,0.2769
630,40,40,100,250.0,0,110,300,,1,0.173,0.2735
631,40,40,100,250.0,0,110,600,,1,0.172,0.2818
632,40,40,100,250.0,0,110,900,,1,0.174,0.2795
633,40,40,100,250.0,0,110,300,,2,0.173,0.2848
634,40,40,100,250.0,0,110,600,,2,0.172,0.2957
635,40,40,100,250.0,0,110,900,,2,0.173,0.2831
636,40,40,100,250.0,0,110,300,,3,0.173,0.2794
637,40,40,100,250.0,0,110,600,,3,0.173,0.3339
638,40,40,100,250.0,0,110,900,,3,0.173,0.2917
639,40,40,100,250.0,0,130,300,,1,0.173,0.2931
640,40,40,100,250.0,0,130,600,,1,0.173,0.29
641,40,40,100,250.0,0,130,900,,1,0.173,0.2875
642,40,40,100,250.0,0,130,300,,2,0.172,0.3027
643,40,40,100,250.0,0,130,600,,2,0.173,0.2946
644,40,40,100,250.0,0,130,900,,2,0.172,0.3056
645,40,40,100,250.0,0,130,300,,3,0.173,0.2855
646,40,40,100,250.0,0,130,600,,3,0.173,0.2821
647,40,40,100,250.0,0,130,900,,3,0.173,0.3051
648,40,40,100,300.0,0,50,300,,1,0.173,0.2836
649,40,40,100,300.0,0,50,600,,1,0.174,0.2681
650,40,40,100,300.0,0,50,900,,1,0.172,0.2641
651,40,40,100,300.0,0,50,300,,2,0.172,0.2657
652,40,40,100,300.0,0,50,600,,2,0.172,0.2659
653,40,40,100,300.0,0,50,900,,2,0.172,0.2587
654,40,40,100,300.0,0,50,300,,3,0.172,0.275
655,40,40,100,300.0,0,50,600,,3,0.172,0.285
656,40,40,100,300.0,0,50,900,,3,0.172,0.2704
657,40,40,100,300.0,0,70,300,,1,0.173,0.2773
658,40,40,100,300.0,0,70,600,,1,0.172,0.2664
659,40,40,100,300.0,0,70,900,,1,0.172,0.276
660,40,40,100,300.0,0,70,300,,2,0.173,0.2767
661,40,40,100,300.0,0,70,600,,2,0.173,0.2667
662,40,40,100,300.0,0,70,900,,2,0.174,0.2689
663,40,40,100,300.0,0,70,300,,3,0.173,0.279
664,40,40,100,300.0,0,70,600,,3,0.173,0.2749
665,40,40,100,300.0,0,70,900,,3,0.173,0.2744
666,40,40,100,300.0,0,90,300,,1,0.172,0.3089
667,40,40,100,300.0,0,90,600,,1,0.172,0.271
668,40,40,100,300.0,0,90,900,,1,0.173,0.2639
669,40,40,100,300.0,0,90,300,,2,0.172,0.2785
670,40,40,100,300.0,0,90,600,,2,0.173,0.2773
671,40,40,100,300.0,0,90,900,,2,0.173,0.2741
672,40,40,100,300.0,0,90,300,,3,0.173,0.2646
673,40,40,100,300.0,0,90,600,,3,0.173,0.2727
674,40,40,100,300.0,0,90,900,,3,0.173,0.2857
675,40,40,100,300.0,0,110,300,,1,0.173,0.2834
676,40,40,100,300.0,0,110,600,,1,0.173,0.2846
677,40,40,100,300.0,0,110,900,,1,0.174,0.2841
678,40,40,100,300.0,0,110,300,,2,0.173,0.2874
679,40,40,100,300.0,0,110,600,,2,0.173,0.2881
680,40,40,100,300.0,0,110,900,,2,0.173,0.2779
681,40,40,100,300.0,0,110,300,,3,0.173,0.2855
682,40,40,100,300.0,0,110,600,,3,0.173,0.2962
683,40,40,100,300.0,0,110,900,,3,0.173,0.2801
684,40,40,100,300.0,0,130,300,,1,0.172,0.3196
685,40,40,100,300.0,0,130,600,,1,0.173,0.3047
686,40,40,100,300.0,0,130,900,,1,0.173,0.308
687,40,40,100,300.0,0,130,300,,2,0.173,0.3204
688,40,40,100,300.0,0,130,600,,2,0.173,0.2925
689,40,40,100,300.0,0,130,900,,2,0.174,0.3038
690,40,40,100,300.0,0,130,300,,3,0.172,0.3071
691,40,40,100,300.0,0,130,600,,3,0.172,0.2764
692,40,40,100,300.0,0,130,900,,3,0.173,0.2936
693,40,40,100,310.0,0,70,400,,1,0.173,0.2695
694,40,40,100,310.0,0,70,400,,2,0.173,0.2427
695,40,40,100,310.0,0,70,400,,3,0.173,0.2488
696,40,40,100,350.0,0,50,300,,1,0.172,0.2839
697,40,40,100,350.0,0,50,600,,1,0.174,0.279
698,40,40,100,350.0,0,50,900,,1,0.173,0.2666
699,40,40,100,350.0,0,50,300,,2,0.172,0.2567
700,40,40,100,350.0,0,50,600,,2,0.173,0.2563
701,40,40,100,350.0,0,50,900,,2,0.173,0.2605
702,40,40,100,350.0,0,50,300,,3,0.173,0.2649
703,40,40,100,350.0,0,50,600,,3,0.173,0.2633
704,40,40,100,350.0,0,50,900,,3,0.173,0.2649
705,40,40,100,350.0,0,70,300,,1,0.173,0.2783
706,40,40,100,350.0,0,70,600,,1,0.173,0.266
707,40,40,100,350.0,0,70,900,,1,0.173,0.275
708,40,40,100,350.0,0,70,300,,2,0.173,0.2519
709,40,40,100,350.0,0,70,600,,2,0.173,0.3241
710,40,40,100,350.0,0,70,900,,2,0.173,0.2728
711,40,40,100,350.0,0,70,300,,3,0.173,0.2566
712,40,40,100,350.0,0,70,600,,3,0.173,0.2625
713,40,40,100,350.0,0,70,900,,3,0.173,0.2527
714,40,40,100,350.0,0,90,300,,1,0.173,0.3348
715,40,40,100,350.0,0,90,600,,1,0.173,0.2737
716,40,40,100,350.0,0,90,900,,1,0.173,0.2832
717,40,40,100,350.0,0,90,300,,2,0.173,0.2725
718,40,40,100,350.0,0,90,600,,2,0.173,0.287
719,40,40,100,350.0,0,90,900,,2,0.173,0.2732
720,40,40,100,350.0,0,90,300,,3,0.173,0.275
721,40,40,100,350.0,0,90,600,,3,0.172,0.2639
722,40,40,100,350.0,0,90,900,,3,0.173,0.2772
723,40,40,100,350.0,0,110,300,,1,0.172,0.2956
724,40,40,100,350.0,0,110,600,,1,0.173,0.284
725,40,40,100,350.0,0,110,900,,1,0.173,0.2876
726,40,40,100,350.0,0,110,300,,2,0.174,0.289
727,40,40,100,350.0,0,110,600,,2,0.173,0.2857
728,40,40,100,350.0,0,110,900,,2,0.173,0.2936
729,40,40,100,350.0,0,110,300,,3,0.173,0.2606
730,40,40,100,350.0,0,110,600,,3,0.173,0.2807
731,40,40,100,350.0,0,110,900,,3,0.173,0.2681
732,40,40,100,350.0,0,130,300,,1,0.173,0.3227
733,40,40,100,350.0,0,130,600,,1,0.173,0.3143
734,40,40,100,350.0,0,130,900,,1,0.173,0.3075
735,40,40,100,350.0,0,130,300,,2,0.173,0.303
736,40,40,100,350.0,0,130,600,,2,0.172,0.2927
737,40,40,100,350.0,0,130,900,,2,0.174,0.2927
738,40,40,100,350.0,0,130,300,,3,0.173,0.2989
739,40,40,100,350.0,0,130,600,,3,0.173,0.27
740,40,40,100,350.0,0,130,900,,3,0.173,0.2888
741,40,40,100,400.0,0,50,300,,1,0.173,0.2843
742,40,40,100,400.0,0,50,600,,1,0.173,0.2872
743,40,40,100,400.0,0,50,900,,1,0.173,0.2758
744,40,40,100,400.0,0,50,300,,2,0.173,0.2654
745,40,40,100,400.0,0,50,600,,2,0.173,0.2544
746,40,40,100,400.0,0,50,900,,2,0.172,0.2593
747,40,40,100,400.0,0,50,300,,3,0.173,0.2642
748,40,40,100,400.0,0,50,600,,3,0.173,0.2615
749,40,40,100,400.0,0,50,900,,3,0.172,0.2695
750,40,40,100,400.0,0,70,300,,1,0.173,0.2792
751,40,40,100,400.0,0,70,600,,1,0.173,0.2776
752,40,40,100,400.0,0,70,900,,1,0.174,0.2727
753,40,40,100,400.0,0,70,300,,2,0.173,0.2745
754,40,40,100,400.0,0,70,600,,2,0.173,0.2617
755,40,40,100,400.0,0,70,900,,2,0.173,0.2717
756,40,40,100,400.0,0,70,300,,3,0.172,0.2642
757,40,40,100,400.0,0,70,600,,3,0.174,0.2572
758,40,40,100,400.0,0,70,900,,3,0.173,0.2587
759,40,40,100,400.0,0,90,300,,1,0.173,0.2969
760,40,40,100,400.0,0,90,600,,1,0.173,0.2925
761,40,40,100,400.0,0,90,900,,1,0.173,0.2777
762,40,40,100,400.0,0,90,300,,2,0.172,0.279
763,40,40,100,400.0,0,90,600,,2,0.173,0.2927
764,40,40,100,400.0,0,90,900,,2,0.174,0.2843
765,40,40,100,400.0,0,90,300,,3,0.173,0.2684
766,40,40,100,400.0,0,90,600,,3,0.173,0.2479
767,40,40,100,400.0,0,90,900,,3,0.173,0.264
768,40,40,100,400.0,0,110,300,,1,0.174,0.2939
769,40,40,100,400.0,0,110,600,,1,0.173,0.2971
770,40,40,100,400.0,0,110,900,,1,0.174,0.2898
771,40,40,100,400.0,0,110,300,,2,0.174,0.3056
772,40,40,100,400.0,0,110,600,,2,0.173,0.2848
773,40,40,100,400.0,0,110,900,,2,0.172,0.3095
774,40,40,100,400.0,0,110,300,,3,0.172,0.3144
775,40,40,100,400.0,0,110,600,,3,0.173,0.2835
776,40,40,100,400.0,0,110,900,,3,0.174,0.2675
777,40,40,100,400.0,0,130,300,,1,0.174,0.3101
778,40,40,100,400.0,0,130,600,,1,0.173,0.3159
779,40,40,100,400.0,0,130,900,,1,0.173,0.3092
780,40,40,100,400.0,0,130,300,,2,0.173,0.2928
781,40,40,100,400.0,0,130,600,,2,0.173,0.3136
782,40,40,100,400.0,0,130,900,,2,0.173,0.2946
783,40,40,100,400.0,0,130,300,,3,0.173,0.3304
784,40,40,100,400.0,0,130,600,,3,0.172,0.2783
785,40,40,100,400.0,0,130,900,,3,0.173,0.2865
786,40,40,100,410.0,0,70,400,,1,0.174,0.2874
787,40,40,100,410.0,0,70,400,,2,0.174,0.2514
788,40,40,100,410.0,0,70,400,,3,0.173,0.2438
789,40,40,100,510.0,0,70,400,,1,0.174,0.2853
790,40,40,100,510.0,0,70,400,,2,0.173,0.2555
791,40,40,100,510.0,0,70,400,,3,0.174,0.2457
792,40,40,100,610.0,0,70,400,,1,0.173,0.2901
793,40,40,100,610.0,0,70,400,,2,0.173,0.2712
794,40,40,100,610.0,0,70,400,,3,0.173,0.2497
795,40,40,100,710.0,0,70,400,,1,0.174,0.3014
796,40,40,100,710.0,0,70,400,,2,0.174,0.2785
797,40,40,100,710.0,0,70,400,,3,0.174,0.2504
798,40,40,100,810.0,0,70,400,,1,0.174,0.308
799,40,40,100,810.0,0,70,400,,2,0.173,0.2757
800,40,40,100,810.0,0,70,400,,3,0.173,0.2573
801,40,40,100,910.0,0,70,400,,1,0.174,0.3068
802,40,40,100,910.0,0,70,400,,2,0.172,0.2743
803,40,40,100,910.0,0,70,400,,3,0.173,0.2521
804,40,40,100,1010.0,0,70,400,,1,0.174,0.3236
805,40,40,100,1010.0,0,70,400,,2,0.173,0.2726
806,40,40,100,1010.0,0,70,400,,3,0.174,0.2798
807,40,40,100,1110.0,0,70,400,,1,0.173,0.319
808,40,40,100,1110.0,0,70,400,,2,0.174,0.2687
809,40,40,100,1110.0,0,70,400,,3,0.173,0.2919
810,40,40,100,1210.0,0,70,400,,1,0.174,0.2965
811,40,40,100,1210.0,0,70,400,,2,0.174,0.2705
812,40,40,100,1210.0,0,70,400,,3,0.173,0.2799
813,40,40,100,1310.0,0,70,400,,1,0.173,0.2993
814,40,40,100,1310.0,0,70,400,,2,0.173,0.2695
815,40,40,100,1310.0,0,70,400,,3,0.173,0.2608
816,40,40,100,1410.0,0,70,400,,1,0.174,0.2997
817,40,40,100,1410.0,0,70,400,,2,0.173,0.2665
818,40,40,100,1410.0,0,70,400,,3,0.174,0.2655
819,40,40,100,1510.0,0,70,400,,1,0.173,0.3165
820,40,40,100,1510.0,0,70,400,,2,0.173,0.2659
821,40,40,100,1510.0,0,70,400,,3,0.174,0.2744
822,40,40,100,1610.0,0,70,400,,1,0.173,0.3391
823,40,40,100,1610.0,0,70,400,,2,0.174,0.2735
824,40,40,100,1610.0,0,70,400,,3,0.174,0.2662
825,40,40,100,1710.0,0,70,400,,1,0.174,0.3111
826,40,40,100,1710.0,0,70,400,,2,0.174,0.2748
827,40,40,100,1710.0,0,70,400,,3,0.173,0.2597
828,40,40,100,1810.0,0,70,400,,1,0.173,0.3062
829,40,40,100,1810.0,0,70,400,,2,0.173,0.2743
830,40,40,100,1810.0,0,70,400,,3,0.174,0.2684
831,40,40,100,1910.0,0,70,400,,1,0.173,0.4535
832,40,40,100,1910.0,0,70,400,,2,0.173,0.3019
833,40,40,100,1910.0,0,70,400,,3,0.174,0.2672
834,40,40,100,2010.0,0,70,400,,1,0.174,0.2781
835,40,40,100,2010.0,0,70,400,,2,0.174,0.3054
836,40,40,100,2010.0,0,70,400,,3,0.175,0.2845
