,ta,ts,speed,kp,kd-kvfb,kd-kvff,ki,simul_settling_time,trial_no,settling_time,Unnamed: 10
0,20.0,20.0,100.0,10.0,1400.0,1400.0,0.006,0.2304,1.0,0.586,
1,20.0,20.0,100.0,10.0,1400.0,1400.0,0.006,0.2304,2.0,0.563,
2,20.0,20.0,100.0,10.0,1400.0,1400.0,0.006,0.2304,3.0,0.588,
3,20.0,20.0,100.0,10.0,1400.0,1400.0,0.01,0.2685,1.0,0.264,
4,20.0,20.0,100.0,10.0,1400.0,1400.0,0.01,0.2685,2.0,0.272,
5,20.0,20.0,100.0,10.0,1400.0,1400.0,0.01,0.2685,3.0,0.272,
6,20.0,20.0,100.0,10.0,1400.0,1400.0,0.012,0.2884,1.0,0.325,
7,20.0,20.0,100.0,10.0,1400.0,1400.0,0.012,0.2884,2.0,0.339,
8,20.0,20.0,100.0,10.0,1400.0,1400.0,0.012,0.2884,3.0,0.336,
9,20.0,20.0,100.0,10.0,1400.0,1400.0,0.014,0.3097,1.0,0.273,
10,20.0,20.0,100.0,10.0,1400.0,1400.0,0.014,0.3097,2.0,0.281,
11,20.0,20.0,100.0,10.0,1400.0,1400.0,0.014,0.3097,3.0,0.275,
12,20.0,20.0,100.0,10.0,1400.0,1400.0,0.016,0.3434,1.0,0.257,
13,20.0,20.0,100.0,10.0,1400.0,1400.0,0.016,0.3434,2.0,0.256,
14,20.0,20.0,100.0,10.0,1400.0,1400.0,0.016,0.3434,3.0,0.267,
18,20.0,20.0,100.0,10.0,1500.0,1500.0,0.006,0.2362,1.0,0.573,
19,20.0,20.0,100.0,10.0,1500.0,1500.0,0.006,0.2362,2.0,0.591,
20,20.0,20.0,100.0,10.0,1500.0,1500.0,0.006,0.2362,3.0,0.568,
21,20.0,20.0,100.0,10.0,1500.0,1500.0,0.01,0.2733,1.0,0.403,
22,20.0,20.0,100.0,10.0,1500.0,1500.0,0.01,0.2733,2.0,0.409,
23,20.0,20.0,100.0,10.0,1500.0,1500.0,0.01,0.2733,3.0,0.403,
24,20.0,20.0,100.0,10.0,1500.0,1500.0,0.012,0.2929,1.0,0.351,
25,20.0,20.0,100.0,10.0,1500.0,1500.0,0.012,0.2929,2.0,0.352,
26,20.0,20.0,100.0,10.0,1500.0,1500.0,0.012,0.2929,3.0,0.345,
27,20.0,20.0,100.0,10.0,1500.0,1500.0,0.014,0.3125,1.0,0.352,
28,20.0,20.0,100.0,10.0,1500.0,1500.0,0.014,0.3125,2.0,0.349,
29,20.0,20.0,100.0,10.0,1500.0,1500.0,0.014,0.3125,3.0,0.355,
30,20.0,20.0,100.0,10.0,1500.0,1500.0,0.016,0.3334,1.0,0.331,
31,20.0,20.0,100.0,10.0,1500.0,1500.0,0.016,0.3334,2.0,0.318,
32,20.0,20.0,100.0,10.0,1500.0,1500.0,0.016,0.3334,3.0,0.328,
33,20.0,20.0,100.0,10.0,1500.0,1500.0,0.02,0.3888,1.0,0.347,
34,20.0,20.0,100.0,10.0,1500.0,1500.0,0.02,0.3888,2.0,0.341,
35,20.0,20.0,100.0,10.0,1500.0,1500.0,0.02,0.3888,3.0,0.346,
36,20.0,20.0,100.0,10.0,1600.0,1600.0,0.006,0.2442,1.0,0.574,
37,20.0,20.0,100.0,10.0,1600.0,1600.0,0.006,0.2442,2.0,0.586,
38,20.0,20.0,100.0,10.0,1600.0,1600.0,0.006,0.2442,3.0,0.601,
39,20.0,20.0,100.0,10.0,1600.0,1600.0,0.01,0.2782,1.0,0.372,
40,20.0,20.0,100.0,10.0,1600.0,1600.0,0.01,0.2782,2.0,0.372,
41,20.0,20.0,100.0,10.0,1600.0,1600.0,0.01,0.2782,3.0,0.366,
42,20.0,20.0,100.0,10.0,1600.0,1600.0,0.012,0.2976,1.0,0.349,
43,20.0,20.0,100.0,10.0,1600.0,1600.0,0.012,0.2976,2.0,0.361,
44,20.0,20.0,100.0,10.0,1600.0,1600.0,0.012,0.2976,3.0,0.354,
45,20.0,20.0,100.0,10.0,1600.0,1600.0,0.014,0.3169,1.0,0.335,
46,20.0,20.0,100.0,10.0,1600.0,1600.0,0.014,0.3169,2.0,0.33,
47,20.0,20.0,100.0,10.0,1600.0,1600.0,0.014,0.3169,3.0,0.333,
48,20.0,20.0,100.0,10.0,1600.0,1600.0,0.016,0.3362,1.0,0.339,
49,20.0,20.0,100.0,10.0,1600.0,1600.0,0.016,0.3362,2.0,0.343,
50,20.0,20.0,100.0,10.0,1600.0,1600.0,0.016,0.3362,3.0,0.335,
51,20.0,20.0,100.0,10.0,1600.0,1600.0,0.02,0.3894,1.0,0.318,
52,20.0,20.0,100.0,10.0,1600.0,1600.0,0.02,0.3894,2.0,0.332,
53,20.0,20.0,100.0,10.0,1600.0,1600.0,0.02,0.3894,3.0,0.317,
54,20.0,20.0,100.0,10.0,1700.0,1700.0,0.006,0.2629,1.0,0.57,
55,20.0,20.0,100.0,10.0,1700.0,1700.0,0.006,0.2629,2.0,0.568,
56,20.0,20.0,100.0,10.0,1700.0,1700.0,0.006,0.2629,3.0,0.551,
57,20.0,20.0,100.0,10.0,1700.0,1700.0,0.01,0.283,1.0,0.31,
58,20.0,20.0,100.0,10.0,1700.0,1700.0,0.01,0.283,2.0,0.313,
59,20.0,20.0,100.0,10.0,1700.0,1700.0,0.01,0.283,3.0,0.317,
60,20.0,20.0,100.0,10.0,1700.0,1700.0,0.012,0.3022,1.0,0.259,
61,20.0,20.0,100.0,10.0,1700.0,1700.0,0.012,0.3022,2.0,0.266,
62,20.0,20.0,100.0,10.0,1700.0,1700.0,0.012,0.3022,3.0,0.264,
63,20.0,20.0,100.0,10.0,1700.0,1700.0,0.014,0.3215,1.0,0.313,
64,20.0,20.0,100.0,10.0,1700.0,1700.0,0.014,0.3215,2.0,0.301,
65,20.0,20.0,100.0,10.0,1700.0,1700.0,0.014,0.3215,3.0,0.307,
66,20.0,20.0,100.0,10.0,1700.0,1700.0,0.016,0.3406,1.0,0.343,
67,20.0,20.0,100.0,10.0,1700.0,1700.0,0.016,0.3406,2.0,0.351,
68,20.0,20.0,100.0,10.0,1700.0,1700.0,0.016,0.3406,3.0,0.351,
69,20.0,20.0,100.0,10.0,1700.0,1700.0,0.02,0.3792,1.0,0.361,
70,20.0,20.0,100.0,10.0,1700.0,1700.0,0.02,0.3792,2.0,0.352,
71,20.0,20.0,100.0,10.0,1700.0,1700.0,0.02,0.3792,3.0,0.366,
72,20.0,20.0,100.0,10.0,2000.0,2000.0,0.006,0.2846,1.0,0.392,
73,20.0,20.0,100.0,10.0,2000.0,2000.0,0.006,0.2846,2.0,0.396,
74,20.0,20.0,100.0,10.0,2000.0,2000.0,0.006,0.2846,3.0,0.389,
75,20.0,20.0,100.0,10.0,2000.0,2000.0,0.01,0.2964,1.0,0.342,
76,20.0,20.0,100.0,10.0,2000.0,2000.0,0.01,0.2964,2.0,0.326,
77,20.0,20.0,100.0,10.0,2000.0,2000.0,0.01,0.2964,3.0,0.341,
78,20.0,20.0,100.0,10.0,2000.0,2000.0,0.012,0.3147,1.0,0.369,
79,20.0,20.0,100.0,10.0,2000.0,2000.0,0.012,0.3147,2.0,0.373,
80,20.0,20.0,100.0,10.0,2000.0,2000.0,0.012,0.3147,3.0,0.36,
81,20.0,20.0,100.0,10.0,2000.0,2000.0,0.014,0.3312,1.0,0.363,
82,20.0,20.0,100.0,10.0,2000.0,2000.0,0.014,0.3312,2.0,0.366,
83,20.0,20.0,100.0,10.0,2000.0,2000.0,0.014,0.3312,3.0,0.35,
84,20.0,20.0,100.0,10.0,2000.0,2000.0,0.016,0.3465,1.0,0.281,
85,20.0,20.0,100.0,10.0,2000.0,2000.0,0.016,0.3465,2.0,0.287,
86,20.0,20.0,100.0,10.0,2000.0,2000.0,0.016,0.3465,3.0,0.29,
87,20.0,20.0,100.0,10.0,2000.0,2000.0,0.02,0.3901,1.0,0.353,
88,20.0,20.0,100.0,10.0,2000.0,2000.0,0.02,0.3901,2.0,0.362,
89,20.0,20.0,100.0,10.0,2000.0,2000.0,0.02,0.3901,3.0,0.366,
90,,,,,,,,,,,
91,20.0,20.0,100.0,20.0,1400.0,1400.0,0.006,0.1669,1.0,0.334,
92,20.0,20.0,100.0,20.0,1400.0,1400.0,0.006,0.1669,2.0,0.336,
93,20.0,20.0,100.0,20.0,1400.0,1400.0,0.006,0.1669,3.0,0.32,
94,20.0,20.0,100.0,20.0,1400.0,1400.0,0.01,0.1788,1.0,0.211,
95,20.0,20.0,100.0,20.0,1400.0,1400.0,0.01,0.1788,2.0,0.214,
96,20.0,20.0,100.0,20.0,1400.0,1400.0,0.01,0.1788,3.0,0.206,
97,20.0,20.0,100.0,20.0,1400.0,1400.0,0.012,0.1909,1.0,0.196,
98,20.0,20.0,100.0,20.0,1400.0,1400.0,0.012,0.1909,2.0,0.198,
99,20.0,20.0,100.0,20.0,1400.0,1400.0,0.012,0.1909,3.0,0.201,
100,20.0,20.0,100.0,20.0,1400.0,1400.0,0.014,0.2034,1.0,0.212,
101,20.0,20.0,100.0,20.0,1400.0,1400.0,0.014,0.2034,2.0,0.222,
102,20.0,20.0,100.0,20.0,1400.0,1400.0,0.014,0.2034,3.0,0.213,
103,20.0,20.0,100.0,20.0,1400.0,1400.0,0.016,0.2163,1.0,0.21,
104,20.0,20.0,100.0,20.0,1400.0,1400.0,0.016,0.2163,2.0,0.203,
105,20.0,20.0,100.0,20.0,1400.0,1400.0,0.016,0.2163,3.0,0.209,
109,20.0,20.0,100.0,20.0,1500.0,1500.0,0.006,0.1688,1.0,0.329,
110,20.0,20.0,100.0,20.0,1500.0,1500.0,0.006,0.1688,2.0,0.335,
111,20.0,20.0,100.0,20.0,1500.0,1500.0,0.006,0.1688,3.0,0.323,
112,20.0,20.0,100.0,20.0,1500.0,1500.0,0.01,0.1802,1.0,0.221,
113,20.0,20.0,100.0,20.0,1500.0,1500.0,0.01,0.1802,2.0,0.222,
114,20.0,20.0,100.0,20.0,1500.0,1500.0,0.01,0.1802,3.0,0.22,
115,20.0,20.0,100.0,20.0,1500.0,1500.0,0.012,0.1923,1.0,0.202,
116,20.0,20.0,100.0,20.0,1500.0,1500.0,0.012,0.1923,2.0,0.206,
117,20.0,20.0,100.0,20.0,1500.0,1500.0,0.012,0.1923,3.0,0.199,
118,20.0,20.0,100.0,20.0,1500.0,1500.0,0.014,0.2023,1.0,0.224,
119,20.0,20.0,100.0,20.0,1500.0,1500.0,0.014,0.2023,2.0,0.227,
120,20.0,20.0,100.0,20.0,1500.0,1500.0,0.014,0.2023,3.0,0.226,
121,20.0,20.0,100.0,20.0,1500.0,1500.0,0.016,0.2076,1.0,0.213,
122,20.0,20.0,100.0,20.0,1500.0,1500.0,0.016,0.2076,2.0,0.21,
123,20.0,20.0,100.0,20.0,1500.0,1500.0,0.016,0.2076,3.0,0.212,
127,20.0,20.0,100.0,20.0,1600.0,1600.0,0.006,0.1708,1.0,0.322,
128,20.0,20.0,100.0,20.0,1600.0,1600.0,0.006,0.1708,2.0,0.316,
129,20.0,20.0,100.0,20.0,1600.0,1600.0,0.006,0.1708,3.0,0.326,
130,20.0,20.0,100.0,20.0,1600.0,1600.0,0.01,0.182,1.0,0.25,
131,20.0,20.0,100.0,20.0,1600.0,1600.0,0.01,0.182,2.0,0.239,
132,20.0,20.0,100.0,20.0,1600.0,1600.0,0.01,0.182,3.0,0.246,
133,20.0,20.0,100.0,20.0,1600.0,1600.0,0.012,0.1939,1.0,0.208,
134,20.0,20.0,100.0,20.0,1600.0,1600.0,0.012,0.1939,2.0,0.214,
135,20.0,20.0,100.0,20.0,1600.0,1600.0,0.012,0.1939,3.0,0.216,
136,20.0,20.0,100.0,20.0,1600.0,1600.0,0.014,0.1957,1.0,0.19,
137,20.0,20.0,100.0,20.0,1600.0,1600.0,0.014,0.1957,2.0,0.191,
138,20.0,20.0,100.0,20.0,1600.0,1600.0,0.014,0.1957,3.0,0.186,
139,20.0,20.0,100.0,20.0,1600.0,1600.0,0.016,0.208,1.0,0.232,
140,20.0,20.0,100.0,20.0,1600.0,1600.0,0.016,0.208,2.0,0.226,
141,20.0,20.0,100.0,20.0,1600.0,1600.0,0.016,0.208,3.0,0.225,
145,20.0,20.0,100.0,20.0,1700.0,1700.0,0.006,0.173,1.0,0.337,
146,20.0,20.0,100.0,20.0,1700.0,1700.0,0.006,0.173,2.0,0.335,
147,20.0,20.0,100.0,20.0,1700.0,1700.0,0.006,0.173,3.0,0.322,
148,20.0,20.0,100.0,20.0,1700.0,1700.0,0.01,0.184,1.0,0.245,
149,20.0,20.0,100.0,20.0,1700.0,1700.0,0.01,0.184,2.0,0.249,
150,20.0,20.0,100.0,20.0,1700.0,1700.0,0.01,0.184,3.0,0.245,
151,20.0,20.0,100.0,20.0,1700.0,1700.0,0.012,0.1957,1.0,0.205,
152,20.0,20.0,100.0,20.0,1700.0,1700.0,0.012,0.1957,2.0,0.214,
153,20.0,20.0,100.0,20.0,1700.0,1700.0,0.012,0.1957,3.0,0.213,
154,20.0,20.0,100.0,20.0,1700.0,1700.0,0.014,0.1966,1.0,0.194,
155,20.0,20.0,100.0,20.0,1700.0,1700.0,0.014,0.1966,2.0,0.203,
156,20.0,20.0,100.0,20.0,1700.0,1700.0,0.014,0.1966,3.0,0.194,
157,20.0,20.0,100.0,20.0,1700.0,1700.0,0.016,0.208,1.0,0.233,
158,20.0,20.0,100.0,20.0,1700.0,1700.0,0.016,0.208,2.0,0.225,
159,20.0,20.0,100.0,20.0,1700.0,1700.0,0.016,0.208,3.0,0.229,
163,20.0,20.0,100.0,20.0,2000.0,2000.0,0.006,0.1898,1.0,0.325,
164,20.0,20.0,100.0,20.0,2000.0,2000.0,0.006,0.1898,2.0,0.327,
165,20.0,20.0,100.0,20.0,2000.0,2000.0,0.006,0.1898,3.0,0.316,
166,20.0,20.0,100.0,20.0,2000.0,2000.0,0.01,0.1905,1.0,0.255,
167,20.0,20.0,100.0,20.0,2000.0,2000.0,0.01,0.1905,2.0,0.252,
168,20.0,20.0,100.0,20.0,2000.0,2000.0,0.01,0.1905,3.0,0.243,
169,20.0,20.0,100.0,20.0,2000.0,2000.0,0.012,0.2022,1.0,0.231,
170,20.0,20.0,100.0,20.0,2000.0,2000.0,0.012,0.2022,2.0,0.239,
171,20.0,20.0,100.0,20.0,2000.0,2000.0,0.012,0.2022,3.0,0.242,
172,20.0,20.0,100.0,20.0,2000.0,2000.0,0.014,0.2018,1.0,0.201,
173,20.0,20.0,100.0,20.0,2000.0,2000.0,0.014,0.2018,2.0,0.208,
174,20.0,20.0,100.0,20.0,2000.0,2000.0,0.014,0.2018,3.0,0.209,
175,20.0,20.0,100.0,20.0,2000.0,2000.0,0.016,0.2114,1.0,0.195,
176,20.0,20.0,100.0,20.0,2000.0,2000.0,0.016,0.2114,2.0,0.2,
177,20.0,20.0,100.0,20.0,2000.0,2000.0,0.016,0.2114,3.0,0.198,
178,20.0,20.0,100.0,20.0,2000.0,2000.0,0.02,0.2264,1.0,0.247,
179,20.0,20.0,100.0,20.0,2000.0,2000.0,0.02,0.2264,2.0,0.247,
180,20.0,20.0,100.0,20.0,2000.0,2000.0,0.02,0.2264,3.0,0.25,
181,,,,,,,,,,,
182,20.0,20.0,100.0,30.0,1400.0,1400.0,0.006,0.1608,1.0,0.212,
183,20.0,20.0,100.0,30.0,1400.0,1400.0,0.006,0.1608,2.0,0.211,
184,20.0,20.0,100.0,30.0,1400.0,1400.0,0.006,0.1608,3.0,0.219,
185,20.0,20.0,100.0,30.0,1400.0,1400.0,0.01,0.1534,1.0,0.157,
186,20.0,20.0,100.0,30.0,1400.0,1400.0,0.01,0.1534,2.0,0.154,
187,20.0,20.0,100.0,30.0,1400.0,1400.0,0.01,0.1534,3.0,0.155,
188,20.0,20.0,100.0,30.0,1400.0,1400.0,0.012,0.1608,1.0,0.181,
189,20.0,20.0,100.0,30.0,1400.0,1400.0,0.012,0.1608,2.0,0.183,
190,20.0,20.0,100.0,30.0,1400.0,1400.0,0.012,0.1608,3.0,0.183,
191,20.0,20.0,100.0,30.0,1400.0,1400.0,0.014,0.1622,1.0,0.167,
192,20.0,20.0,100.0,30.0,1400.0,1400.0,0.014,0.1622,2.0,0.165,
193,20.0,20.0,100.0,30.0,1400.0,1400.0,0.014,0.1622,3.0,0.165,
194,20.0,20.0,100.0,30.0,1400.0,1400.0,0.016,0.1706,1.0,0.172,
195,20.0,20.0,100.0,30.0,1400.0,1400.0,0.016,0.1706,2.0,0.171,
196,20.0,20.0,100.0,30.0,1400.0,1400.0,0.016,0.1706,3.0,0.172,
200,20.0,20.0,100.0,30.0,1500.0,1500.0,0.006,0.1615,1.0,0.217,
201,20.0,20.0,100.0,30.0,1500.0,1500.0,0.006,0.1615,2.0,0.223,
202,20.0,20.0,100.0,30.0,1500.0,1500.0,0.006,0.1615,3.0,0.222,
203,20.0,20.0,100.0,30.0,1500.0,1500.0,0.01,0.1542,1.0,0.157,
204,20.0,20.0,100.0,30.0,1500.0,1500.0,0.01,0.1542,2.0,0.157,
205,20.0,20.0,100.0,30.0,1500.0,1500.0,0.01,0.1542,3.0,0.156,
206,20.0,20.0,100.0,30.0,1500.0,1500.0,0.012,0.1619,1.0,0.176,
207,20.0,20.0,100.0,30.0,1500.0,1500.0,0.012,0.1619,2.0,0.182,
208,20.0,20.0,100.0,30.0,1500.0,1500.0,0.012,0.1619,3.0,0.177,
209,20.0,20.0,100.0,30.0,1500.0,1500.0,0.014,0.1624,1.0,0.17,
210,20.0,20.0,100.0,30.0,1500.0,1500.0,0.014,0.1624,2.0,0.177,
211,20.0,20.0,100.0,30.0,1500.0,1500.0,0.014,0.1624,3.0,0.17,
212,20.0,20.0,100.0,30.0,1500.0,1500.0,0.016,0.1703,1.0,0.188,
213,20.0,20.0,100.0,30.0,1500.0,1500.0,0.016,0.1703,2.0,0.193,
214,20.0,20.0,100.0,30.0,1500.0,1500.0,0.016,0.1703,3.0,0.186,
218,20.0,20.0,100.0,30.0,1600.0,1600.0,0.006,0.1623,1.0,0.213,
219,20.0,20.0,100.0,30.0,1600.0,1600.0,0.006,0.1623,2.0,0.22,
220,20.0,20.0,100.0,30.0,1600.0,1600.0,0.006,0.1623,3.0,0.221,
221,20.0,20.0,100.0,30.0,1600.0,1600.0,0.01,0.1553,1.0,0.159,
222,20.0,20.0,100.0,30.0,1600.0,1600.0,0.01,0.1553,2.0,0.158,
223,20.0,20.0,100.0,30.0,1600.0,1600.0,0.01,0.1553,3.0,0.159,
224,20.0,20.0,100.0,30.0,1600.0,1600.0,0.012,0.1628,1.0,0.178,
225,20.0,20.0,100.0,30.0,1600.0,1600.0,0.012,0.1628,2.0,0.186,
226,20.0,20.0,100.0,30.0,1600.0,1600.0,0.012,0.1628,3.0,0.183,  
227,20.0,20.0,100.0,30.0,1600.0,1600.0,0.014,0.1631,1.0,0.172,
228,20.0,20.0,100.0,30.0,1600.0,1600.0,0.014,0.1631,2.0,0.173,
229,20.0,20.0,100.0,30.0,1600.0,1600.0,0.014,0.1631,3.0,0.173,
230,20.0,20.0,100.0,30.0,1600.0,1600.0,0.016,0.1694,1.0,0.179,
231,20.0,20.0,100.0,30.0,1600.0,1600.0,0.016,0.1694,2.0,0.175,
232,20.0,20.0,100.0,30.0,1600.0,1600.0,0.016,0.1694,3.0,0.177,
236,20.0,20.0,100.0,30.0,1700.0,1700.0,0.006,0.1631,1.0,0.217,
237,20.0,20.0,100.0,30.0,1700.0,1700.0,0.006,0.1631,2.0,0.216,
238,20.0,20.0,100.0,30.0,1700.0,1700.0,0.006,0.1631,3.0,0.221,
239,20.0,20.0,100.0,30.0,1700.0,1700.0,0.01,0.1566,1.0,0.168,
240,20.0,20.0,100.0,30.0,1700.0,1700.0,0.01,0.1566,2.0,0.161,
241,20.0,20.0,100.0,30.0,1700.0,1700.0,0.01,0.1566,3.0,0.166,
242,20.0,20.0,100.0,30.0,1700.0,1700.0,0.012,0.1642,1.0,0.18,
243,20.0,20.0,100.0,30.0,1700.0,1700.0,0.012,0.1642,2.0,0.184,
244,20.0,20.0,100.0,30.0,1700.0,1700.0,0.012,0.1642,3.0,0.186,
245,20.0,20.0,100.0,30.0,1700.0,1700.0,0.014,0.1641,1.0,0.174,
246,20.0,20.0,100.0,30.0,1700.0,1700.0,0.014,0.1641,2.0,0.172,
247,20.0,20.0,100.0,30.0,1700.0,1700.0,0.014,0.1641,3.0,0.175,
248,20.0,20.0,100.0,30.0,1700.0,1700.0,0.016,0.165,1.0,0.177,
249,20.0,20.0,100.0,30.0,1700.0,1700.0,0.016,0.165,2.0,0.182,
250,20.0,20.0,100.0,30.0,1700.0,1700.0,0.016,0.165,3.0,0.179,
254,20.0,20.0,100.0,30.0,2000.0,2000.0,0.006,0.1657,1.0,0.216,
255,20.0,20.0,100.0,30.0,2000.0,2000.0,0.006,0.1657,2.0,0.214,
256,20.0,20.0,100.0,30.0,2000.0,2000.0,0.006,0.1657,3.0,0.214,
257,20.0,20.0,100.0,30.0,2000.0,2000.0,0.01,0.1672,1.0,0.164,
258,20.0,20.0,100.0,30.0,2000.0,2000.0,0.01,0.1672,2.0,0.172,
259,20.0,20.0,100.0,30.0,2000.0,2000.0,0.01,0.1672,3.0,0.165,
260,20.0,20.0,100.0,30.0,2000.0,2000.0,0.012,0.1681,1.0,0.192,
261,20.0,20.0,100.0,30.0,2000.0,2000.0,0.012,0.1681,2.0,0.195,
262,20.0,20.0,100.0,30.0,2000.0,2000.0,0.012,0.1681,3.0,0.195,
263,20.0,20.0,100.0,30.0,2000.0,2000.0,0.014,0.1673,1.0,0.188,
264,20.0,20.0,100.0,30.0,2000.0,2000.0,0.014,0.1673,2.0,0.185,
265,20.0,20.0,100.0,30.0,2000.0,2000.0,0.014,0.1673,3.0,0.18,
266,20.0,20.0,100.0,30.0,2000.0,2000.0,0.016,0.1672,1.0,0.176,
267,20.0,20.0,100.0,30.0,2000.0,2000.0,0.016,0.1672,2.0,0.172,
268,20.0,20.0,100.0,30.0,2000.0,2000.0,0.016,0.1672,3.0,0.18,
269,20.0,20.0,100.0,30.0,2000.0,2000.0,0.02,0.1753,1.0,0.182,
270,20.0,20.0,100.0,30.0,2000.0,2000.0,0.02,0.1753,2.0,0.189,
271,20.0,20.0,100.0,30.0,2000.0,2000.0,0.02,0.1753,3.0,0.191,
272,,,,,,,,,,,
273,20.0,20.0,100.0,40.0,1400.0,1400.0,0.006,0.1586,1.0,0.192,
274,20.0,20.0,100.0,40.0,1400.0,1400.0,0.006,0.1586,2.0,0.19,
275,20.0,20.0,100.0,40.0,1400.0,1400.0,0.006,0.1586,3.0,0.192,
276,20.0,20.0,100.0,40.0,1400.0,1400.0,0.01,0.1486,1.0,0.157,
277,20.0,20.0,100.0,40.0,1400.0,1400.0,0.01,0.1486,2.0,0.157,
278,20.0,20.0,100.0,40.0,1400.0,1400.0,0.01,0.1486,3.0,0.159,
279,20.0,20.0,100.0,40.0,1400.0,1400.0,0.012,0.1468,1.0,0.166,
280,20.0,20.0,100.0,40.0,1400.0,1400.0,0.012,0.1468,2.0,0.166,
281,20.0,20.0,100.0,40.0,1400.0,1400.0,0.012,0.1468,3.0,0.172,
282,20.0,20.0,100.0,40.0,1400.0,1400.0,0.014,0.1455,1.0,0.157,
283,20.0,20.0,100.0,40.0,1400.0,1400.0,0.014,0.1455,2.0,0.159,
284,20.0,20.0,100.0,40.0,1400.0,1400.0,0.014,0.1455,3.0,0.159,
285,20.0,20.0,100.0,40.0,1400.0,1400.0,0.016,0.1443,1.0,0.195,
286,20.0,20.0,100.0,40.0,1400.0,1400.0,0.016,0.1443,2.0,0.203,
287,20.0,20.0,100.0,40.0,1400.0,1400.0,0.016,0.1443,3.0,0.195,
291,20.0,20.0,100.0,40.0,1500.0,1500.0,0.006,0.1588,1.0,0.196,
292,20.0,20.0,100.0,40.0,1500.0,1500.0,0.006,0.1588,2.0,0.193,
293,20.0,20.0,100.0,40.0,1500.0,1500.0,0.006,0.1588,3.0,0.201,
294,20.0,20.0,100.0,40.0,1500.0,1500.0,0.01,0.149,1.0,0.16,
295,20.0,20.0,100.0,40.0,1500.0,1500.0,0.01,0.149,2.0,0.158,
296,20.0,20.0,100.0,40.0,1500.0,1500.0,0.01,0.149,3.0,0.159,
297,20.0,20.0,100.0,40.0,1500.0,1500.0,0.012,0.1474,1.0,0.166,
298,20.0,20.0,100.0,40.0,1500.0,1500.0,0.012,0.1474,2.0,0.166,
299,20.0,20.0,100.0,40.0,1500.0,1500.0,0.012,0.1474,3.0,0.159,
300,20.0,20.0,100.0,40.0,1500.0,1500.0,0.014,0.1462,1.0,0.165,
301,20.0,20.0,100.0,40.0,1500.0,1500.0,0.014,0.1462,2.0,0.167,
302,20.0,20.0,100.0,40.0,1500.0,1500.0,0.014,0.1462,3.0,0.167,
303,20.0,20.0,100.0,40.0,1500.0,1500.0,0.016,0.1449,1.0,0.166,
304,20.0,20.0,100.0,40.0,1500.0,1500.0,0.016,0.1449,2.0,0.166,
305,20.0,20.0,100.0,40.0,1500.0,1500.0,0.016,0.1449,3.0,0.169,
309,20.0,20.0,100.0,40.0,1600.0,1600.0,0.006,0.159,1.0,0.192,
310,20.0,20.0,100.0,40.0,1600.0,1600.0,0.006,0.159,2.0,0.193,
311,20.0,20.0,100.0,40.0,1600.0,1600.0,0.006,0.159,3.0,0.198,
312,20.0,20.0,100.0,40.0,1600.0,1600.0,0.01,0.1496,1.0,0.159,
313,20.0,20.0,100.0,40.0,1600.0,1600.0,0.01,0.1496,2.0,0.164,
314,20.0,20.0,100.0,40.0,1600.0,1600.0,0.01,0.1496,3.0,0.162,
315,20.0,20.0,100.0,40.0,1600.0,1600.0,0.012,0.1478,1.0,0.169,
316,20.0,20.0,100.0,40.0,1600.0,1600.0,0.012,0.1478,2.0,0.17,
317,20.0,20.0,100.0,40.0,1600.0,1600.0,0.012,0.1478,3.0,0.167,
318,20.0,20.0,100.0,40.0,1600.0,1600.0,0.014,0.1467,1.0,0.16,
319,20.0,20.0,100.0,40.0,1600.0,1600.0,0.014,0.1467,2.0,0.167,
320,20.0,20.0,100.0,40.0,1600.0,1600.0,0.014,0.1467,3.0,0.162,
321,20.0,20.0,100.0,40.0,1600.0,1600.0,0.016,0.1456,1.0,0.162,
322,20.0,20.0,100.0,40.0,1600.0,1600.0,0.016,0.1456,2.0,0.167,
323,20.0,20.0,100.0,40.0,1600.0,1600.0,0.016,0.1456,3.0,0.169,
327,20.0,20.0,100.0,40.0,1700.0,1700.0,0.006,0.1593,1.0,0.195,
328,20.0,20.0,100.0,40.0,1700.0,1700.0,0.006,0.1593,2.0,0.201,
329,20.0,20.0,100.0,40.0,1700.0,1700.0,0.006,0.1593,3.0,0.197,
330,20.0,20.0,100.0,40.0,1700.0,1700.0,0.01,0.1501,1.0,0.152,
331,20.0,20.0,100.0,40.0,1700.0,1700.0,0.01,0.1501,2.0,0.151,
332,20.0,20.0,100.0,40.0,1700.0,1700.0,0.01,0.1501,3.0,0.154,
333,20.0,20.0,100.0,40.0,1700.0,1700.0,0.012,0.1485,1.0,0.172,
334,20.0,20.0,100.0,40.0,1700.0,1700.0,0.012,0.1485,2.0,0.174,
335,20.0,20.0,100.0,40.0,1700.0,1700.0,0.012,0.1485,3.0,0.176,
336,20.0,20.0,100.0,40.0,1700.0,1700.0,0.014,0.1473,1.0,0.169,
337,20.0,20.0,100.0,40.0,1700.0,1700.0,0.014,0.1473,2.0,0.169,
338,20.0,20.0,100.0,40.0,1700.0,1700.0,0.014,0.1473,3.0,0.17,
339,20.0,20.0,100.0,40.0,1700.0,1700.0,0.016,0.1464,1.0,0.159,
340,20.0,20.0,100.0,40.0,1700.0,1700.0,0.016,0.1464,2.0,0.159,
341,20.0,20.0,100.0,40.0,1700.0,1700.0,0.016,0.1464,3.0,0.157,
345,20.0,20.0,100.0,40.0,2000.0,2000.0,0.006,0.1608,1.0,0.213,
346,20.0,20.0,100.0,40.0,2000.0,2000.0,0.006,0.1608,2.0,0.203,
347,20.0,20.0,100.0,40.0,2000.0,2000.0,0.006,0.1608,3.0,0.208,
348,20.0,20.0,100.0,40.0,2000.0,2000.0,0.01,0.1517,1.0,0.162,
349,20.0,20.0,100.0,40.0,2000.0,2000.0,0.01,0.1517,2.0,0.156,
350,20.0,20.0,100.0,40.0,2000.0,2000.0,0.01,0.1517,3.0,0.163,
351,20.0,20.0,100.0,40.0,2000.0,2000.0,0.012,0.1501,1.0,0.176,
352,20.0,20.0,100.0,40.0,2000.0,2000.0,0.012,0.1501,2.0,0.179,
353,20.0,20.0,100.0,40.0,2000.0,2000.0,0.012,0.1501,3.0,0.183,
354,20.0,20.0,100.0,40.0,2000.0,2000.0,0.014,0.1493,1.0,0.165,
355,20.0,20.0,100.0,40.0,2000.0,2000.0,0.014,0.1493,2.0,0.173,
356,20.0,20.0,100.0,40.0,2000.0,2000.0,0.014,0.1493,3.0,0.173,
357,20.0,20.0,100.0,40.0,2000.0,2000.0,0.016,0.1497,1.0,0.171,
358,20.0,20.0,100.0,40.0,2000.0,2000.0,0.016,0.1497,2.0,0.174,
359,20.0,20.0,100.0,40.0,2000.0,2000.0,0.016,0.1497,3.0,0.168,
360,20.0,20.0,100.0,40.0,2000.0,2000.0,0.02,0.1531,1.0,0.157,
361,20.0,20.0,100.0,40.0,2000.0,2000.0,0.02,0.1531,2.0,0.151,
362,20.0,20.0,100.0,40.0,2000.0,2000.0,0.02,0.1531,3.0,0.157,
363,,,,,,,,,,,
364,20.0,20.0,100.0,50.0,1400.0,1400.0,0.006,0.1561,1.0,0.186,
365,20.0,20.0,100.0,50.0,1400.0,1400.0,0.006,0.1561,2.0,0.188,
366,20.0,20.0,100.0,50.0,1400.0,1400.0,0.006,0.1561,3.0,0.186,
367,20.0,20.0,100.0,50.0,1400.0,1400.0,0.01,0.147,1.0,0.157,
368,20.0,20.0,100.0,50.0,1400.0,1400.0,0.01,0.147,2.0,0.157,
369,20.0,20.0,100.0,50.0,1400.0,1400.0,0.01,0.147,3.0,0.158,
370,20.0,20.0,100.0,50.0,1400.0,1400.0,0.012,0.1451,1.0,0.16,
371,20.0,20.0,100.0,50.0,1400.0,1400.0,0.012,0.1451,2.0,0.161,
372,20.0,20.0,100.0,50.0,1400.0,1400.0,0.012,0.1451,3.0,0.163,
373,20.0,20.0,100.0,50.0,1400.0,1400.0,0.014,0.1433,1.0,0.205,
374,20.0,20.0,100.0,50.0,1400.0,1400.0,0.014,0.1433,2.0,0.206,
375,20.0,20.0,100.0,50.0,1400.0,1400.0,0.014,0.1433,3.0,0.21,
382,20.0,20.0,100.0,50.0,1500.0,1500.0,0.006,0.1562,1.0,0.181,
383,20.0,20.0,100.0,50.0,1500.0,1500.0,0.006,0.1562,2.0,0.186,
384,20.0,20.0,100.0,50.0,1500.0,1500.0,0.006,0.1562,3.0,0.187,
385,20.0,20.0,100.0,50.0,1500.0,1500.0,0.01,0.1471,1.0,0.146,
386,20.0,20.0,100.0,50.0,1500.0,1500.0,0.01,0.1471,2.0,0.148,
387,20.0,20.0,100.0,50.0,1500.0,1500.0,0.01,0.1471,3.0,0.145,
388,20.0,20.0,100.0,50.0,1500.0,1500.0,0.012,0.1454,1.0,0.147,
389,20.0,20.0,100.0,50.0,1500.0,1500.0,0.012,0.1454,2.0,0.153,
390,20.0,20.0,100.0,50.0,1500.0,1500.0,0.012,0.1454,3.0,0.149,
391,20.0,20.0,100.0,50.0,1500.0,1500.0,0.014,0.1437,1.0,0.148,
392,20.0,20.0,100.0,50.0,1500.0,1500.0,0.014,0.1437,2.0,0.15,
393,20.0,20.0,100.0,50.0,1500.0,1500.0,0.014,0.1437,3.0,0.148,
394,20.0,20.0,100.0,50.0,1500.0,1500.0,0.016,0.1421,1.0,0.227,
395,20.0,20.0,100.0,50.0,1500.0,1500.0,0.016,0.1421,2.0,0.217,
396,20.0,20.0,100.0,50.0,1500.0,1500.0,0.016,0.1421,3.0,0.222,
400,20.0,20.0,100.0,50.0,1600.0,1600.0,0.006,0.1563,1.0,0.174,
401,20.0,20.0,100.0,50.0,1600.0,1600.0,0.006,0.1563,2.0,0.178,
402,20.0,20.0,100.0,50.0,1600.0,1600.0,0.006,0.1563,3.0,0.178,
403,20.0,20.0,100.0,50.0,1600.0,1600.0,0.01,0.1474,1.0,0.156,
404,20.0,20.0,100.0,50.0,1600.0,1600.0,0.01,0.1474,2.0,0.158,
405,20.0,20.0,100.0,50.0,1600.0,1600.0,0.01,0.1474,3.0,0.154,
406,20.0,20.0,100.0,50.0,1600.0,1600.0,0.012,0.1456,1.0,0.146,
407,20.0,20.0,100.0,50.0,1600.0,1600.0,0.012,0.1456,2.0,0.147,
408,20.0,20.0,100.0,50.0,1600.0,1600.0,0.012,0.1456,3.0,0.146,
409,20.0,20.0,100.0,50.0,1600.0,1600.0,0.014,0.144,1.0,0.146,
410,20.0,20.0,100.0,50.0,1600.0,1600.0,0.014,0.144,2.0,0.141,
411,20.0,20.0,100.0,50.0,1600.0,1600.0,0.014,0.144,3.0,0.146,
412,20.0,20.0,100.0,50.0,1600.0,1600.0,0.016,0.1425,1.0,0.162,
413,20.0,20.0,100.0,50.0,1600.0,1600.0,0.016,0.1425,2.0,0.156,
414,20.0,20.0,100.0,50.0,1600.0,1600.0,0.016,0.1425,3.0,0.157,
418,20.0,20.0,100.0,50.0,1700.0,1700.0,0.006,0.1566,1.0,0.182,
419,20.0,20.0,100.0,50.0,1700.0,1700.0,0.006,0.1566,2.0,0.189,
420,20.0,20.0,100.0,50.0,1700.0,1700.0,0.006,0.1566,3.0,0.181,
421,20.0,20.0,100.0,50.0,1700.0,1700.0,0.01,0.1478,1.0,0.155,
422,20.0,20.0,100.0,50.0,1700.0,1700.0,0.01,0.1478,2.0,0.148,
423,20.0,20.0,100.0,50.0,1700.0,1700.0,0.01,0.1478,3.0,0.153,
424,20.0,20.0,100.0,50.0,1700.0,1700.0,0.012,0.1459,1.0,0.146,
425,20.0,20.0,100.0,50.0,1700.0,1700.0,0.012,0.1459,2.0,0.152,
426,20.0,20.0,100.0,50.0,1700.0,1700.0,0.012,0.1459,3.0,0.146,
427,20.0,20.0,100.0,50.0,1700.0,1700.0,0.014,0.1444,1.0,0.144,
428,20.0,20.0,100.0,50.0,1700.0,1700.0,0.014,0.1444,2.0,0.143,
429,20.0,20.0,100.0,50.0,1700.0,1700.0,0.014,0.1444,3.0,0.143,
430,20.0,20.0,100.0,50.0,1700.0,1700.0,0.016,0.1429,1.0,0.146,
431,20.0,20.0,100.0,50.0,1700.0,1700.0,0.016,0.1429,2.0,0.145,
432,20.0,20.0,100.0,50.0,1700.0,1700.0,0.016,0.1429,3.0,0.144,
436,20.0,20.0,100.0,50.0,2000.0,2000.0,0.006,0.1576,1.0,0.18,
437,20.0,20.0,100.0,50.0,2000.0,2000.0,0.006,0.1576,2.0,0.175,
438,20.0,20.0,100.0,50.0,2000.0,2000.0,0.006,0.1576,3.0,0.179,
439,20.0,20.0,100.0,50.0,2000.0,2000.0,0.01,0.1489,1.0,0.161,
440,20.0,20.0,100.0,50.0,2000.0,2000.0,0.01,0.1489,2.0,0.161,
441,20.0,20.0,100.0,50.0,2000.0,2000.0,0.01,0.1489,3.0,0.162,
442,20.0,20.0,100.0,50.0,2000.0,2000.0,0.012,0.147,1.0,0.148,
443,20.0,20.0,100.0,50.0,2000.0,2000.0,0.012,0.147,2.0,0.155,
444,20.0,20.0,100.0,50.0,2000.0,2000.0,0.012,0.147,3.0,0.148,
445,20.0,20.0,100.0,50.0,2000.0,2000.0,0.014,0.1455,1.0,0.157,
446,20.0,20.0,100.0,50.0,2000.0,2000.0,0.014,0.1455,2.0,0.154,
447,20.0,20.0,100.0,50.0,2000.0,2000.0,0.014,0.1455,3.0,0.155,
448,20.0,20.0,100.0,50.0,2000.0,2000.0,0.016,0.1441,1.0,0.158,
449,20.0,20.0,100.0,50.0,2000.0,2000.0,0.016,0.1441,2.0,0.151,
450,20.0,20.0,100.0,50.0,2000.0,2000.0,0.016,0.1441,3.0,0.155,
451,20.0,20.0,100.0,50.0,2000.0,2000.0,0.02,0.1416,1.0,0.17,
452,20.0,20.0,100.0,50.0,2000.0,2000.0,0.02,0.1416,2.0,0.174,
453,20.0,20.0,100.0,50.0,2000.0,2000.0,0.02,0.1416,3.0,0.176,
454,,,,,,,,,,,
455,20.0,20.0,100.0,65.0,1400.0,1400.0,0.006,0.1521,1.0,0.176,
456,20.0,20.0,100.0,65.0,1400.0,1400.0,0.006,0.1521,2.0,0.176,
457,20.0,20.0,100.0,65.0,1400.0,1400.0,0.006,0.1521,3.0,0.177,
458,20.0,20.0,100.0,65.0,1400.0,1400.0,0.01,0.1452,1.0,0.155,
459,20.0,20.0,100.0,65.0,1400.0,1400.0,0.01,0.1452,2.0,0.152,
460,20.0,20.0,100.0,65.0,1400.0,1400.0,0.01,0.1452,3.0,0.156,
461,20.0,20.0,100.0,65.0,1400.0,1400.0,0.012,0.1435,1.0,0.279,
462,20.0,20.0,100.0,65.0,1400.0,1400.0,0.012,0.1435,2.0,0.281,
463,20.0,20.0,100.0,65.0,1400.0,1400.0,0.012,0.1435,3.0,0.283,
473,20.0,20.0,100.0,65.0,1500.0,1500.0,0.006,0.1524,1.0,0.173,
474,20.0,20.0,100.0,65.0,1500.0,1500.0,0.006,0.1524,2.0,0.173,
475,20.0,20.0,100.0,65.0,1500.0,1500.0,0.006,0.1524,3.0,0.168,
476,20.0,20.0,100.0,65.0,1500.0,1500.0,0.01,0.1454,1.0,0.162,
477,20.0,20.0,100.0,65.0,1500.0,1500.0,0.01,0.1454,2.0,0.161,
478,20.0,20.0,100.0,65.0,1500.0,1500.0,0.01,0.1454,3.0,0.158,
479,20.0,20.0,100.0,65.0,1500.0,1500.0,0.012,0.1436,1.0,0.182,
480,20.0,20.0,100.0,65.0,1500.0,1500.0,0.012,0.1436,2.0,0.19,
481,20.0,20.0,100.0,65.0,1500.0,1500.0,0.012,0.1436,3.0,0.191,
491,20.0,20.0,100.0,65.0,1600.0,1600.0,0.006,0.1527,1.0,0.168,
492,20.0,20.0,100.0,65.0,1600.0,1600.0,0.006,0.1527,2.0,0.165,
493,20.0,20.0,100.0,65.0,1600.0,1600.0,0.006,0.1527,3.0,0.171,
494,20.0,20.0,100.0,65.0,1600.0,1600.0,0.01,0.1455,1.0,0.158,
495,20.0,20.0,100.0,65.0,1600.0,1600.0,0.01,0.1455,2.0,0.154,
496,20.0,20.0,100.0,65.0,1600.0,1600.0,0.01,0.1455,3.0,0.155,
497,20.0,20.0,100.0,65.0,1600.0,1600.0,0.012,0.1436,1.0,0.16,
498,20.0,20.0,100.0,65.0,1600.0,1600.0,0.012,0.1436,2.0,0.162,
499,20.0,20.0,100.0,65.0,1600.0,1600.0,0.012,0.1436,3.0,0.166,
500,20.0,20.0,100.0,65.0,1600.0,1600.0,0.014,0.1421,1.0,0.199,
501,20.0,20.0,100.0,65.0,1600.0,1600.0,0.014,0.1421,2.0,0.202,
502,20.0,20.0,100.0,65.0,1600.0,1600.0,0.014,0.1421,3.0,0.198,
509,20.0,20.0,100.0,65.0,1700.0,1700.0,0.006,0.1528,1.0,0.175,
510,20.0,20.0,100.0,65.0,1700.0,1700.0,0.006,0.1528,2.0,0.172,
511,20.0,20.0,100.0,65.0,1700.0,1700.0,0.006,0.1528,3.0,0.173,
512,20.0,20.0,100.0,65.0,1700.0,1700.0,0.01,0.1456,1.0,0.148,
513,20.0,20.0,100.0,65.0,1700.0,1700.0,0.01,0.1456,2.0,0.153,
514,20.0,20.0,100.0,65.0,1700.0,1700.0,0.01,0.1456,3.0,0.152,
515,20.0,20.0,100.0,65.0,1700.0,1700.0,0.012,0.1439,1.0,0.154,
516,20.0,20.0,100.0,65.0,1700.0,1700.0,0.012,0.1439,2.0,0.149,
517,20.0,20.0,100.0,65.0,1700.0,1700.0,0.012,0.1439,3.0,0.154,
518,20.0,20.0,100.0,65.0,1700.0,1700.0,0.014,0.1421,1.0,0.146,
519,20.0,20.0,100.0,65.0,1700.0,1700.0,0.014,0.1421,2.0,0.145,
520,20.0,20.0,100.0,65.0,1700.0,1700.0,0.014,0.1421,3.0,0.145,
521,20.0,20.0,100.0,65.0,1700.0,1700.0,0.016,0.1406,1.0,0.207,
522,20.0,20.0,100.0,65.0,1700.0,1700.0,0.016,0.1406,2.0,0.211,
523,20.0,20.0,100.0,65.0,1700.0,1700.0,0.016,0.1406,3.0,0.217,
527,20.0,20.0,100.0,65.0,2000.0,2000.0,0.006,0.1535,1.0,0.173,
528,20.0,20.0,100.0,65.0,2000.0,2000.0,0.006,0.1535,2.0,0.174,
529,20.0,20.0,100.0,65.0,2000.0,2000.0,0.006,0.1535,3.0,0.179,
530,20.0,20.0,100.0,65.0,2000.0,2000.0,0.01,0.1463,1.0,0.153,
531,20.0,20.0,100.0,65.0,2000.0,2000.0,0.01,0.1463,2.0,0.148,
532,20.0,20.0,100.0,65.0,2000.0,2000.0,0.01,0.1463,3.0,0.153,
533,20.0,20.0,100.0,65.0,2000.0,2000.0,0.012,0.1444,1.0,0.153,
534,20.0,20.0,100.0,65.0,2000.0,2000.0,0.012,0.1444,2.0,0.151,
535,20.0,20.0,100.0,65.0,2000.0,2000.0,0.012,0.1444,3.0,0.154,
536,20.0,20.0,100.0,65.0,2000.0,2000.0,0.014,0.1429,1.0,0.151,
537,20.0,20.0,100.0,65.0,2000.0,2000.0,0.014,0.1429,2.0,0.15,
538,20.0,20.0,100.0,65.0,2000.0,2000.0,0.014,0.1429,3.0,0.156,
539,20.0,20.0,100.0,65.0,2000.0,2000.0,0.016,0.1413,1.0,0.141,
540,20.0,20.0,100.0,65.0,2000.0,2000.0,0.016,0.1413,2.0,0.148,
541,20.0,20.0,100.0,65.0,2000.0,2000.0,0.016,0.1413,3.0,0.142,
